id,province,municipality,year,animal theft,bike theft,boat theft,car theft,moped theft,motorcycle/scooter theft,heist,pickpocketing,shoplifting,street robbery
0106,Drenthe,Assen,2018,5,375,0,15,35,5,5,20,135,15
0106,Drenthe,Assen,2019,0,410,0,10,55,15,0,25,235,5
0106,Drenthe,Assen,2020,5,275,0,5,55,10,0,15,170,10
0106,Drenthe,Assen,2021,0,385,0,5,40,5,0,20,110,5
0109,Drenthe,Coevorden,2018,0,110,0,15,15,0,0,5,20,0
0109,Drenthe,Coevorden,2019,0,115,0,10,15,0,0,0,30,0
0109,Drenthe,Coevorden,2020,0,60,5,5,5,0,0,0,25,0
0109,Drenthe,Coevorden,2021,0,60,0,5,5,0,0,0,20,0
0114,Drenthe,Emmen,2018,0,235,0,15,25,0,5,20,170,5
0114,Drenthe,Emmen,2019,0,260,0,20,35,0,5,25,190,10
0114,Drenthe,Emmen,2020,0,255,0,10,60,0,0,30,225,5
0114,Drenthe,Emmen,2021,0,325,5,20,50,0,0,15,185,5
0118,Drenthe,Hoogeveen,2018,0,110,0,5,10,0,5,10,95,5
0118,Drenthe,Hoogeveen,2019,0,155,0,5,10,0,5,5,130,0
0118,Drenthe,Hoogeveen,2020,0,135,0,5,20,0,0,0,70,0
0118,Drenthe,Hoogeveen,2021,0,130,0,5,10,0,0,5,60,0
0119,Drenthe,Meppel,2018,0,60,5,10,10,0,0,5,30,0
0119,Drenthe,Meppel,2019,0,80,0,10,5,0,5,0,40,0
0119,Drenthe,Meppel,2020,0,55,0,5,5,0,0,5,40,0
0119,Drenthe,Meppel,2021,0,60,0,5,10,0,0,5,35,0
1680,Drenthe,Aa en Hunze,2018,0,25,0,0,0,0,0,0,5,0
1680,Drenthe,Aa en Hunze,2019,0,50,0,0,0,0,0,0,5,0
1680,Drenthe,Aa en Hunze,2020,0,20,0,0,5,0,0,0,15,0
1680,Drenthe,Aa en Hunze,2021,0,30,0,0,0,0,0,0,5,0
1681,Drenthe,Borger-Odoorn,2018,0,15,0,0,0,0,0,0,5,0
1681,Drenthe,Borger-Odoorn,2019,0,15,0,5,0,0,5,0,10,0
1681,Drenthe,Borger-Odoorn,2020,0,15,0,5,5,0,0,0,5,0
1681,Drenthe,Borger-Odoorn,2021,0,15,0,0,0,0,0,5,10,0
1690,Drenthe,De Wolden,2018,0,10,0,0,0,0,0,0,5,0
1690,Drenthe,De Wolden,2019,0,5,0,0,0,0,0,0,0,0
1690,Drenthe,De Wolden,2020,0,10,0,0,5,0,0,0,5,0
1690,Drenthe,De Wolden,2021,0,10,0,0,0,0,0,0,5,0
1699,Drenthe,Noordenveld,2018,0,45,0,5,0,0,0,0,20,0
1699,Drenthe,Noordenveld,2019,0,30,0,0,5,0,0,0,20,0
1699,Drenthe,Noordenveld,2020,0,30,0,0,0,0,0,0,20,0
1699,Drenthe,Noordenveld,2021,0,25,0,0,0,0,0,0,15,0
1701,Drenthe,Westerveld,2018,0,10,0,0,0,0,0,0,5,0
1701,Drenthe,Westerveld,2019,0,5,0,0,0,0,0,0,0,0
1701,Drenthe,Westerveld,2020,0,0,0,0,0,0,0,0,5,0
1701,Drenthe,Westerveld,2021,0,5,0,0,0,0,0,0,0,0
1730,Drenthe,Tynaarlo,2018,0,35,0,5,0,0,0,5,10,0
1730,Drenthe,Tynaarlo,2019,0,40,0,5,10,0,0,5,15,0
1730,Drenthe,Tynaarlo,2020,0,25,0,0,5,0,0,0,25,0
1730,Drenthe,Tynaarlo,2021,0,45,0,0,10,0,0,0,25,0
1731,Drenthe,Midden-Drenthe,2018,0,30,0,0,0,0,0,5,25,0
1731,Drenthe,Midden-Drenthe,2019,0,40,0,0,5,0,0,5,15,0
1731,Drenthe,Midden-Drenthe,2020,0,25,0,0,0,0,0,0,25,0
1731,Drenthe,Midden-Drenthe,2021,5,50,0,5,0,0,0,0,5,0
0034,Flevoland,Almere,2018,0,400,10,90,210,30,20,115,720,80
0034,Flevoland,Almere,2019,0,425,10,115,280,30,20,75,775,100
0034,Flevoland,Almere,2020,0,465,5,80,175,40,35,80,625,115
0034,Flevoland,Almere,2021,0,400,10,60,180,45,15,70,455,75
0050,Flevoland,Zeewolde,2018,0,55,5,10,5,0,0,5,15,0
0050,Flevoland,Zeewolde,2019,0,40,0,5,5,0,0,5,20,0
0050,Flevoland,Zeewolde,2020,0,15,0,0,5,0,0,0,20,0
0050,Flevoland,Zeewolde,2021,0,20,0,0,0,0,0,0,20,0
0171,Flevoland,Noordoostpolder,2018,0,75,5,10,5,0,0,10,75,0
0171,Flevoland,Noordoostpolder,2019,0,85,0,5,15,0,0,10,75,0
0171,Flevoland,Noordoostpolder,2020,0,60,5,5,25,0,0,5,70,0
0171,Flevoland,Noordoostpolder,2021,0,50,0,5,15,0,0,0,35,0
0184,Flevoland,Urk,2018,0,5,0,5,5,0,0,0,5,0
0184,Flevoland,Urk,2019,0,5,0,5,5,0,0,0,10,0
0184,Flevoland,Urk,2020,0,15,0,0,15,0,0,0,10,0
0184,Flevoland,Urk,2021,0,20,0,0,15,0,0,0,20,0
0303,Flevoland,Dronten,2018,0,45,5,5,10,0,0,70,30,5
0303,Flevoland,Dronten,2019,0,55,0,5,10,0,5,130,45,0
0303,Flevoland,Dronten,2020,0,50,0,5,10,0,0,5,45,0
0303,Flevoland,Dronten,2021,0,80,0,5,5,0,0,10,40,0
0995,Flevoland,Lelystad,2018,5,200,0,30,110,5,10,25,355,15
0995,Flevoland,Lelystad,2019,0,215,0,25,100,5,10,25,340,30
0995,Flevoland,Lelystad,2020,0,185,5,25,95,10,10,30,320,20
0995,Flevoland,Lelystad,2021,0,195,0,30,80,5,5,20,320,10
0058,Friesland,Dongeradeel,2018,0,30,0,0,0,0,0,5,10,0
0079,Friesland,Kollumerland en Nieuwkruisland,2018,0,20,0,0,0,0,0,0,10,0
1722,Friesland,Ferwerderadiel,2018,0,10,0,0,0,0,0,0,0,0
0059,Fryslân,Achtkarspelen,2018,0,30,0,5,0,0,0,0,15,0
0059,Fryslân,Achtkarspelen,2019,0,15,0,0,5,0,0,0,10,0
0059,Fryslân,Achtkarspelen,2020,0,15,0,0,0,0,0,0,15,0
0059,Fryslân,Achtkarspelen,2021,0,20,0,5,5,0,0,0,20,0
0060,Fryslân,Ameland,2018,0,5,0,0,0,0,0,0,0,0
0060,Fryslân,Ameland,2019,0,10,0,0,0,0,0,5,0,0
0060,Fryslân,Ameland,2020,0,0,0,0,0,0,0,0,0,0
0060,Fryslân,Ameland,2021,0,5,0,0,0,0,0,0,0,0
0072,Fryslân,Harlingen,2018,0,25,0,0,0,0,0,5,10,0
0072,Fryslân,Harlingen,2019,0,20,0,5,0,0,0,5,5,0
0072,Fryslân,Harlingen,2020,0,20,0,0,5,0,0,0,20,0
0072,Fryslân,Harlingen,2021,0,15,5,0,5,0,0,0,15,0
0074,Fryslân,Heerenveen,2018,0,140,5,0,10,0,5,10,65,0
0074,Fryslân,Heerenveen,2019,0,130,5,10,20,0,0,10,70,0
0074,Fryslân,Heerenveen,2020,0,105,0,5,15,5,0,5,60,0
0074,Fryslân,Heerenveen,2021,0,105,5,0,15,0,0,0,45,0
0080,Fryslân,Leeuwarden,2018,0,695,10,20,135,0,5,40,480,10
0080,Fryslân,Leeuwarden,2019,0,590,10,25,60,0,5,30,500,25
0080,Fryslân,Leeuwarden,2020,0,490,10,15,115,5,5,15,380,15
0080,Fryslân,Leeuwarden,2021,0,500,15,10,105,5,5,15,340,10
0085,Fryslân,Ooststellingwerf,2018,0,20,0,0,0,0,0,0,10,0
0085,Fryslân,Ooststellingwerf,2019,0,10,0,5,0,0,0,0,10,0
0085,Fryslân,Ooststellingwerf,2020,0,5,0,0,0,0,0,0,15,0
0085,Fryslân,Ooststellingwerf,2021,0,10,0,5,0,0,0,0,15,0
0086,Fryslân,Opsterland,2018,0,25,0,0,5,0,0,5,10,0
0086,Fryslân,Opsterland,2019,0,15,0,0,5,0,0,0,15,0
0086,Fryslân,Opsterland,2020,0,15,5,0,0,0,0,0,15,0
0086,Fryslân,Opsterland,2021,0,10,0,0,5,0,0,0,10,0
0088,Fryslân,Schiermonnikoog,2018,0,0,0,0,0,0,0,0,0,0
0088,Fryslân,Schiermonnikoog,2019,0,0,0,0,0,0,0,0,0,0
0088,Fryslân,Schiermonnikoog,2020,0,0,0,0,0,0,0,0,0,0
0088,Fryslân,Schiermonnikoog,2021,0,5,0,0,0,0,0,0,0,0
0090,Fryslân,Smallingerland,2018,0,235,5,15,15,0,0,15,200,5
0090,Fryslân,Smallingerland,2019,0,200,5,5,20,0,0,35,220,0
0090,Fryslân,Smallingerland,2020,0,170,10,5,20,0,0,5,220,5
0090,Fryslân,Smallingerland,2021,0,180,0,0,25,0,0,10,175,0
0093,Fryslân,Terschelling,2018,0,10,0,0,0,0,0,5,0,0
0093,Fryslân,Terschelling,2019,0,15,0,0,0,0,0,0,0,0
0093,Fryslân,Terschelling,2020,0,5,0,0,0,0,0,5,0,0
0093,Fryslân,Terschelling,2021,0,10,0,0,0,0,0,5,0,0
0096,Fryslân,Vlieland,2018,0,5,0,0,0,0,0,5,0,0
0096,Fryslân,Vlieland,2019,0,5,0,0,0,0,0,0,0,0
0096,Fryslân,Vlieland,2020,0,5,0,0,0,0,0,0,0,0
0096,Fryslân,Vlieland,2021,0,5,0,0,0,0,0,0,0,0
0098,Fryslân,Weststellingwerf,2018,0,25,0,5,0,0,0,0,35,0
0098,Fryslân,Weststellingwerf,2019,0,20,0,5,0,0,0,5,35,0
0098,Fryslân,Weststellingwerf,2020,0,20,0,0,0,0,0,5,45,0
0098,Fryslân,Weststellingwerf,2021,0,15,0,0,0,0,0,0,20,0
0737,Fryslân,Tytsjerksteradiel,2018,0,25,0,0,0,0,0,0,20,0
0737,Fryslân,Tytsjerksteradiel,2019,0,30,5,0,0,0,0,0,25,0
0737,Fryslân,Tytsjerksteradiel,2020,0,15,5,0,5,0,0,0,10,0
0737,Fryslân,Tytsjerksteradiel,2021,0,15,0,0,5,0,0,0,20,0
1891,Fryslân,Dantumadiel,2018,0,25,0,0,0,0,0,0,10,0
1891,Fryslân,Dantumadiel,2019,0,10,0,0,5,0,0,0,10,0
1891,Fryslân,Dantumadiel,2020,0,10,0,0,0,0,0,0,15,0
1891,Fryslân,Dantumadiel,2021,0,10,0,0,5,0,0,0,10,0
1900,Fryslân,Súdwest-Fryslân,2018,0,170,25,10,10,0,0,30,130,5
1900,Fryslân,Súdwest-Fryslân,2019,0,200,10,5,15,0,0,35,150,5
1900,Fryslân,Súdwest-Fryslân,2020,0,135,10,5,10,0,0,10,110,0
1900,Fryslân,Súdwest-Fryslân,2021,0,135,10,5,10,0,0,5,110,0
1940,Fryslân,De Fryske Marren,2018,0,35,5,5,5,0,0,5,35,0
1940,Fryslân,De Fryske Marren,2019,0,45,5,0,0,0,0,5,40,0
1940,Fryslân,De Fryske Marren,2020,0,30,10,0,5,0,0,5,25,0
1940,Fryslân,De Fryske Marren,2021,0,40,5,0,10,0,0,5,40,0
1949,Fryslân,Waadhoeke,2018,0,65,0,5,5,0,0,0,25,0
1949,Fryslân,Waadhoeke,2019,0,55,5,0,5,0,0,0,45,0
1949,Fryslân,Waadhoeke,2020,0,50,5,0,5,0,0,0,45,0
1949,Fryslân,Waadhoeke,2021,0,30,5,0,5,0,0,0,25,0
1970,Fryslân,Noardeast-Fryslân,2019,0,30,0,0,0,0,0,0,15,0
1970,Fryslân,Noardeast-Fryslân,2020,0,30,5,5,0,0,0,0,15,0
1970,Fryslân,Noardeast-Fryslân,2021,0,35,0,5,5,0,0,0,20,0
0197,Gelderland,Aalten,2018,0,20,0,0,0,0,0,0,10,0
0197,Gelderland,Aalten,2019,0,65,0,0,0,0,0,0,25,0
0197,Gelderland,Aalten,2020,0,25,0,0,5,0,0,0,5,0
0197,Gelderland,Aalten,2021,0,20,0,0,0,0,0,0,5,0
0200,Gelderland,Apeldoorn,2018,0,570,0,45,120,5,10,65,450,15
0200,Gelderland,Apeldoorn,2019,5,435,0,45,90,5,5,35,410,15
0200,Gelderland,Apeldoorn,2020,0,490,0,35,125,0,5,30,420,15
0200,Gelderland,Apeldoorn,2021,0,625,0,30,95,0,0,20,320,10
0202,Gelderland,Arnhem,2018,0,865,0,145,260,20,15,270,745,30
0202,Gelderland,Arnhem,2019,0,820,0,125,285,15,15,200,900,50
0202,Gelderland,Arnhem,2020,0,675,0,145,240,15,10,140,770,40
0202,Gelderland,Arnhem,2021,0,705,5,110,165,15,10,130,720,30
0203,Gelderland,Barneveld,2018,0,80,0,5,10,0,0,10,50,0
0203,Gelderland,Barneveld,2019,0,120,0,5,5,0,0,10,45,0
0203,Gelderland,Barneveld,2020,0,95,0,10,15,0,0,5,40,5
0203,Gelderland,Barneveld,2021,0,105,0,10,20,0,0,5,40,5
0209,Gelderland,Beuningen,2018,0,70,0,10,10,5,0,10,15,0
0209,Gelderland,Beuningen,2019,0,80,0,10,15,5,0,5,15,5
0209,Gelderland,Beuningen,2020,0,55,0,10,15,0,0,0,20,0
0209,Gelderland,Beuningen,2021,0,65,0,10,5,0,0,0,10,0
0213,Gelderland,Brummen,2018,0,45,0,0,0,0,0,5,15,0
0213,Gelderland,Brummen,2019,0,45,0,5,5,0,0,5,10,0
0213,Gelderland,Brummen,2020,0,25,0,5,0,0,0,0,10,0
0213,Gelderland,Brummen,2021,0,15,0,5,0,0,0,0,10,0
0214,Gelderland,Buren,2018,0,10,0,0,5,0,0,0,10,0
0214,Gelderland,Buren,2019,0,10,0,0,5,0,0,0,20,0
0214,Gelderland,Buren,2020,0,20,0,0,5,0,0,0,15,0
0214,Gelderland,Buren,2021,0,10,0,5,0,0,0,0,10,0
0216,Gelderland,Culemborg,2018,0,30,0,5,5,5,0,5,20,5
0216,Gelderland,Culemborg,2019,0,40,0,5,15,0,5,5,30,5
0216,Gelderland,Culemborg,2020,0,70,0,5,25,0,0,0,65,0
0216,Gelderland,Culemborg,2021,0,45,5,10,5,0,0,5,45,5
0221,Gelderland,Doesburg,2018,0,25,0,0,5,0,0,0,5,0
0221,Gelderland,Doesburg,2019,0,35,0,5,5,0,0,0,10,0
0221,Gelderland,Doesburg,2020,0,15,0,5,0,0,0,0,10,0
0221,Gelderland,Doesburg,2021,0,10,0,0,0,0,0,0,15,0
0222,Gelderland,Doetinchem,2018,0,130,0,5,55,0,0,25,80,0
0222,Gelderland,Doetinchem,2019,0,135,0,15,45,5,0,15,110,5
0222,Gelderland,Doetinchem,2020,0,135,0,25,40,0,0,5,105,0
0222,Gelderland,Doetinchem,2021,0,200,0,10,35,0,0,5,90,0
0225,Gelderland,Druten,2018,0,15,0,0,5,0,0,0,10,0
0225,Gelderland,Druten,2019,0,15,0,5,0,0,0,0,5,0
0225,Gelderland,Druten,2020,0,10,0,0,5,0,0,0,5,0
0225,Gelderland,Druten,2021,0,15,0,5,0,0,0,0,5,0
0226,Gelderland,Duiven,2018,0,40,0,10,5,0,0,5,40,0
0226,Gelderland,Duiven,2019,0,55,0,15,5,0,0,5,20,0
0226,Gelderland,Duiven,2020,0,40,0,15,5,0,5,5,45,0
0226,Gelderland,Duiven,2021,0,50,0,5,0,0,0,5,25,0
0228,Gelderland,Ede,2018,0,730,0,20,55,10,5,45,255,5
0228,Gelderland,Ede,2019,0,480,0,15,55,10,0,25,275,0
0228,Gelderland,Ede,2020,0,440,0,25,70,0,0,15,250,5
0228,Gelderland,Ede,2021,5,675,0,15,100,5,5,10,210,5
0230,Gelderland,Elburg,2018,0,30,0,0,5,0,0,0,5,0
0230,Gelderland,Elburg,2019,0,35,0,5,5,0,0,0,5,0
0230,Gelderland,Elburg,2020,0,25,0,5,5,0,0,0,5,0
0230,Gelderland,Elburg,2021,0,15,0,5,5,0,0,0,10,0
0232,Gelderland,Epe,2018,0,35,0,5,10,0,0,5,35,0
0232,Gelderland,Epe,2019,0,35,0,5,15,0,0,0,25,0
0232,Gelderland,Epe,2020,0,30,0,5,5,0,0,0,25,0
0232,Gelderland,Epe,2021,0,25,0,0,5,0,0,0,25,0
0233,Gelderland,Ermelo,2018,0,50,0,5,20,0,0,5,65,0
0233,Gelderland,Ermelo,2019,0,75,0,5,10,0,0,5,85,0
0233,Gelderland,Ermelo,2020,0,90,0,5,0,0,0,5,75,0
0233,Gelderland,Ermelo,2021,0,85,0,0,5,0,0,5,45,0
0236,Gelderland,Geldermalsen,2018,0,35,0,10,10,0,0,10,15,0
0243,Gelderland,Harderwijk,2018,0,75,0,5,15,0,0,25,110,0
0243,Gelderland,Harderwijk,2019,0,160,5,5,25,0,0,15,155,5
0243,Gelderland,Harderwijk,2020,0,95,0,10,15,0,5,10,130,0
0243,Gelderland,Harderwijk,2021,0,130,0,5,10,0,0,15,105,5
0244,Gelderland,Hattem,2018,0,15,0,5,5,0,0,0,5,0
0244,Gelderland,Hattem,2019,0,10,0,0,5,0,0,0,5,0
0244,Gelderland,Hattem,2020,0,5,0,0,5,0,0,0,5,0
0244,Gelderland,Hattem,2021,0,10,0,5,5,0,0,0,0,0
0246,Gelderland,Heerde,2018,0,15,0,0,5,0,0,0,10,0
0246,Gelderland,Heerde,2019,0,15,0,0,0,0,0,0,15,0
0246,Gelderland,Heerde,2020,0,10,0,5,0,0,0,0,10,0
0246,Gelderland,Heerde,2021,0,5,0,0,5,0,0,0,5,0
0252,Gelderland,Heumen,2018,0,30,0,10,5,0,0,0,5,0
0252,Gelderland,Heumen,2019,0,90,0,10,10,0,0,0,5,0
0252,Gelderland,Heumen,2020,0,45,0,5,5,0,0,0,5,0
0252,Gelderland,Heumen,2021,0,45,0,15,5,0,0,0,10,5
0262,Gelderland,Lochem,2018,0,20,0,5,0,0,0,0,15,0
0262,Gelderland,Lochem,2019,0,35,0,0,0,0,0,5,10,0
0262,Gelderland,Lochem,2020,0,35,0,5,0,0,0,5,10,0
0262,Gelderland,Lochem,2021,0,30,0,0,5,0,0,0,15,0
0263,Gelderland,Maasdriel,2018,0,35,0,25,5,5,0,0,10,0
0263,Gelderland,Maasdriel,2019,0,15,0,10,5,0,0,0,10,0
0263,Gelderland,Maasdriel,2020,0,30,0,10,5,0,0,0,15,0
0263,Gelderland,Maasdriel,2021,0,25,0,10,5,0,0,0,15,0
0267,Gelderland,Nijkerk,2018,0,55,0,0,10,0,5,5,25,0
0267,Gelderland,Nijkerk,2019,0,75,0,5,5,0,0,5,40,5
0267,Gelderland,Nijkerk,2020,0,60,0,5,10,0,0,0,50,0
0267,Gelderland,Nijkerk,2021,0,60,0,0,10,0,0,0,70,0
0268,Gelderland,Nijmegen,2018,0,1545,0,140,260,25,15,300,660,55
0268,Gelderland,Nijmegen,2019,0,1895,0,160,325,20,10,355,640,70
0268,Gelderland,Nijmegen,2020,0,1830,0,130,265,10,5,110,610,20
0268,Gelderland,Nijmegen,2021,0,1590,0,85,165,20,5,125,475,20
0269,Gelderland,Oldebroek,2018,0,20,0,0,0,0,0,0,10,0
0269,Gelderland,Oldebroek,2019,0,25,0,0,5,0,0,0,15,0
0269,Gelderland,Oldebroek,2020,0,20,0,0,5,0,0,0,10,0
0269,Gelderland,Oldebroek,2021,0,10,0,0,5,0,0,0,15,0
0273,Gelderland,Putten,2018,0,35,0,5,0,0,0,5,25,0
0273,Gelderland,Putten,2019,0,45,0,0,0,0,0,0,35,0
0273,Gelderland,Putten,2020,0,45,0,0,0,0,0,0,15,0
0273,Gelderland,Putten,2021,0,35,0,0,5,0,0,0,25,0
0274,Gelderland,Renkum,2018,0,50,0,10,5,0,0,5,30,5
0274,Gelderland,Renkum,2019,0,35,0,10,15,5,0,5,20,0
0274,Gelderland,Renkum,2020,0,40,0,10,5,0,0,0,25,0
0274,Gelderland,Renkum,2021,0,50,0,5,5,0,0,5,20,0
0275,Gelderland,Rheden,2018,0,130,0,20,15,0,0,10,65,0
0275,Gelderland,Rheden,2019,0,135,0,15,25,0,0,5,65,0
0275,Gelderland,Rheden,2020,0,125,0,20,20,0,5,5,105,0
0275,Gelderland,Rheden,2021,0,105,0,15,10,0,5,5,50,0
0277,Gelderland,Rozendaal,2018,0,0,0,0,0,0,0,0,0,0
0277,Gelderland,Rozendaal,2019,0,0,0,0,0,0,0,0,0,0
0277,Gelderland,Rozendaal,2020,0,0,0,0,0,0,0,0,0,0
0277,Gelderland,Rozendaal,2021,0,0,0,0,0,0,0,0,0,0
0279,Gelderland,Scherpenzeel,2018,0,15,0,0,0,0,0,0,5,0
0279,Gelderland,Scherpenzeel,2019,0,10,0,5,0,0,0,0,10,0
0279,Gelderland,Scherpenzeel,2020,0,20,0,0,0,0,0,0,5,0
0279,Gelderland,Scherpenzeel,2021,0,20,0,0,0,0,0,0,5,0
0281,Gelderland,Tiel,2018,0,135,0,15,45,0,0,10,105,0
0281,Gelderland,Tiel,2019,0,250,0,25,25,0,0,15,130,5
0281,Gelderland,Tiel,2020,0,200,0,20,40,0,0,5,115,5
0281,Gelderland,Tiel,2021,0,190,0,10,30,0,0,10,160,0
0285,Gelderland,Voorst,2018,0,35,0,5,5,0,0,0,10,0
0285,Gelderland,Voorst,2019,0,20,0,0,0,0,0,5,10,0
0285,Gelderland,Voorst,2020,5,45,0,5,5,0,0,0,10,0
0285,Gelderland,Voorst,2021,0,50,0,0,5,0,0,0,10,0
0289,Gelderland,Wageningen,2018,0,165,0,5,10,0,0,20,70,0
0289,Gelderland,Wageningen,2019,0,150,0,5,15,0,0,10,65,10
0289,Gelderland,Wageningen,2020,0,145,0,5,30,0,0,5,85,0
0289,Gelderland,Wageningen,2021,0,125,0,0,20,0,0,0,60,5
0293,Gelderland,Westervoort,2018,0,20,0,0,0,0,0,0,10,0
0293,Gelderland,Westervoort,2019,0,25,0,10,10,0,0,5,5,0
0293,Gelderland,Westervoort,2020,0,25,0,10,10,0,0,0,15,0
0293,Gelderland,Westervoort,2021,0,30,0,5,0,0,0,0,15,0
0294,Gelderland,Winterswijk,2018,0,45,0,0,5,0,0,5,45,0
0294,Gelderland,Winterswijk,2019,0,65,0,0,10,0,0,0,55,0
0294,Gelderland,Winterswijk,2020,0,70,0,5,10,0,0,5,55,0
0294,Gelderland,Winterswijk,2021,0,85,0,0,5,0,0,0,60,0
0296,Gelderland,Wijchen,2018,0,110,0,10,25,0,0,30,30,0
0296,Gelderland,Wijchen,2019,0,95,0,25,20,0,0,15,25,0
0296,Gelderland,Wijchen,2020,0,105,0,20,15,0,0,5,25,0
0296,Gelderland,Wijchen,2021,0,155,0,10,10,0,0,5,85,0
0297,Gelderland,Zaltbommel,2018,0,50,5,15,10,0,0,5,30,0
0297,Gelderland,Zaltbommel,2019,0,35,5,5,15,0,0,5,25,0
0297,Gelderland,Zaltbommel,2020,0,35,0,10,10,0,0,5,40,0
0297,Gelderland,Zaltbommel,2021,0,60,0,10,15,0,0,0,45,0
0299,Gelderland,Zevenaar,2018,0,60,0,10,10,0,0,5,25,0
0299,Gelderland,Zevenaar,2019,0,95,0,10,15,0,0,0,30,0
0299,Gelderland,Zevenaar,2020,0,85,5,10,10,0,0,5,55,0
0299,Gelderland,Zevenaar,2021,0,85,5,5,5,0,0,0,75,0
0301,Gelderland,Zutphen,2018,0,210,0,5,15,0,0,10,210,10
0301,Gelderland,Zutphen,2019,0,245,0,10,40,0,0,15,240,5
0301,Gelderland,Zutphen,2020,0,280,0,10,20,0,0,5,185,0
0301,Gelderland,Zutphen,2021,0,185,0,5,25,0,0,10,255,0
0302,Gelderland,Nunspeet,2018,0,30,0,0,5,0,0,5,35,0
0302,Gelderland,Nunspeet,2019,0,35,0,0,5,0,0,5,55,0
0302,Gelderland,Nunspeet,2020,0,20,0,10,0,0,0,5,40,0
0302,Gelderland,Nunspeet,2021,0,40,0,0,5,0,0,0,30,0
0304,Gelderland,Neerijnen,2018,0,0,0,0,0,0,0,0,0,0
0668,Gelderland,West Maas en Waal,2018,0,15,5,5,5,0,0,0,10,0
0668,Gelderland,West Maas en Waal,2019,0,5,5,10,0,0,0,0,15,0
0668,Gelderland,West Maas en Waal,2020,0,10,5,0,0,0,0,0,5,0
0668,Gelderland,West Maas en Waal,2021,0,20,5,0,5,0,0,0,5,0
0733,Gelderland,Lingewaal,2018,0,5,0,0,0,0,0,0,0,0
1509,Gelderland,Oude IJsselstreek,2018,0,40,0,10,15,0,0,5,30,0
1509,Gelderland,Oude IJsselstreek,2019,0,40,0,0,5,0,0,0,25,0
1509,Gelderland,Oude IJsselstreek,2020,0,35,0,0,15,0,0,0,15,0
1509,Gelderland,Oude IJsselstreek,2021,0,35,0,5,10,0,0,5,5,0
1586,Gelderland,Oost Gelre,2018,0,40,0,0,0,0,0,5,10,0
1586,Gelderland,Oost Gelre,2019,0,50,0,0,0,0,0,5,15,0
1586,Gelderland,Oost Gelre,2020,0,30,0,5,0,0,0,0,15,0
1586,Gelderland,Oost Gelre,2021,0,25,0,0,0,0,0,0,10,0
1705,Gelderland,Lingewaard,2018,0,50,0,10,15,0,5,5,25,0
1705,Gelderland,Lingewaard,2019,0,60,0,15,20,0,0,5,20,0
1705,Gelderland,Lingewaard,2020,0,40,0,15,5,0,0,0,35,0
1705,Gelderland,Lingewaard,2021,0,35,0,5,5,0,0,5,40,0
1734,Gelderland,Overbetuwe,2018,0,90,0,10,15,0,0,10,45,0
1734,Gelderland,Overbetuwe,2019,0,65,0,15,10,0,0,5,35,0
1734,Gelderland,Overbetuwe,2020,0,70,0,20,0,0,0,0,45,0
1734,Gelderland,Overbetuwe,2021,0,70,0,15,5,0,0,10,40,0
1740,Gelderland,Neder-Betuwe,2018,0,20,0,5,15,0,0,0,5,0
1740,Gelderland,Neder-Betuwe,2019,0,20,0,10,20,0,0,0,15,0
1740,Gelderland,Neder-Betuwe,2020,0,20,0,5,0,0,0,0,15,0
1740,Gelderland,Neder-Betuwe,2021,0,25,0,5,5,0,0,0,5,0
1859,Gelderland,Berkelland,2018,0,45,0,5,0,0,0,5,15,0
1859,Gelderland,Berkelland,2019,0,45,0,0,5,0,0,5,25,0
1859,Gelderland,Berkelland,2020,0,20,0,0,0,0,0,0,15,0
1859,Gelderland,Berkelland,2021,0,30,0,0,5,0,0,0,25,0
1876,Gelderland,Bronckhorst,2018,0,15,0,5,0,0,0,0,10,0
1876,Gelderland,Bronckhorst,2019,0,25,0,5,0,0,0,0,10,0
1876,Gelderland,Bronckhorst,2020,0,15,0,10,5,0,0,0,15,0
1876,Gelderland,Bronckhorst,2021,0,20,0,0,0,0,0,0,15,0
1945,Gelderland,Berg en Dal,2018,0,35,0,5,15,0,0,5,15,0
1945,Gelderland,Berg en Dal,2019,0,55,0,10,5,0,5,0,15,0
1945,Gelderland,Berg en Dal,2020,0,40,0,10,5,0,0,0,25,0
1945,Gelderland,Berg en Dal,2021,0,35,0,10,10,0,0,5,30,0
1955,Gelderland,Montferland,2018,0,40,0,5,5,0,0,5,10,0
1955,Gelderland,Montferland,2019,0,40,0,10,5,0,0,0,15,0
1955,Gelderland,Montferland,2020,0,65,0,10,10,0,0,0,20,0
1955,Gelderland,Montferland,2021,0,55,0,5,5,0,0,5,15,0
1960,Gelderland,West Betuwe,2019,0,70,5,10,25,0,0,5,25,0
1960,Gelderland,West Betuwe,2020,0,75,5,10,10,5,0,5,35,0
1960,Gelderland,West Betuwe,2021,0,145,0,10,10,0,0,5,25,0
0003,Groningen,Appingedam,2018,0,40,0,0,5,0,0,0,25,0
0003,Groningen,Appingedam,2019,0,50,0,0,5,0,0,0,30,0
0003,Groningen,Appingedam,2020,0,20,0,0,5,0,0,0,30,0
0005,Groningen,Bedum,2018,0,5,0,0,0,0,0,0,0,0
0009,Groningen,Ten Boer,2018,0,5,0,0,0,0,0,0,10,0
0010,Groningen,Delfzijl,2018,0,50,0,0,5,0,5,5,85,5
0010,Groningen,Delfzijl,2019,0,35,0,0,0,0,0,0,55,5
0010,Groningen,Delfzijl,2020,0,25,0,5,5,0,5,0,50,10
0014,Groningen,Groningen,2018,0,1975,5,45,385,45,10,240,915,30
0014,Groningen,Groningen,2019,0,1775,5,30,410,15,30,265,930,55
0014,Groningen,Groningen,2020,0,1465,5,30,335,30,10,135,845,40
0014,Groningen,Groningen,2021,0,1825,0,25,265,35,5,90,665,25
0015,Groningen,Grootegast,2018,0,5,0,0,0,0,0,0,0,0
0017,Groningen,Haren,2018,0,30,0,0,10,0,0,0,10,0
0022,Groningen,Leek,2018,0,25,0,0,5,0,0,0,20,0
0024,Groningen,Loppersum,2018,0,5,0,0,0,0,0,0,0,0
0024,Groningen,Loppersum,2019,0,5,0,0,0,0,0,0,5,0
0024,Groningen,Loppersum,2020,0,5,0,0,0,0,0,0,0,0
0025,Groningen,Marum,2018,0,10,0,0,0,0,0,0,0,0
0037,Groningen,Stadskanaal,2018,0,35,0,5,5,0,0,0,45,0
0037,Groningen,Stadskanaal,2019,0,45,0,5,5,0,0,5,35,0
0037,Groningen,Stadskanaal,2020,0,25,0,5,10,0,0,0,25,0
0037,Groningen,Stadskanaal,2021,0,65,0,0,10,0,0,0,25,0
0047,Groningen,Veendam,2018,0,65,5,10,0,0,0,5,20,0
0047,Groningen,Veendam,2019,0,95,0,5,0,0,0,0,50,0
0047,Groningen,Veendam,2020,0,40,0,5,10,0,0,0,35,0
0047,Groningen,Veendam,2021,0,55,0,5,0,0,0,0,65,5
0053,Groningen,Winsum,2018,0,5,0,0,0,0,0,0,5,0
0056,Groningen,Zuidhorn,2018,0,15,0,0,0,0,0,0,10,0
0765,Groningen,Pekela,2018,0,5,0,0,0,0,0,0,5,0
0765,Groningen,Pekela,2019,0,5,0,0,0,0,0,0,10,0
0765,Groningen,Pekela,2020,0,5,0,5,0,0,0,0,5,0
0765,Groningen,Pekela,2021,0,15,0,0,0,0,0,0,5,0
1651,Groningen,Eemsmond,2018,0,10,0,0,0,0,0,0,15,0
1663,Groningen,De Marne,2018,0,5,0,0,0,0,0,0,0,0
1895,Groningen,Oldambt,2018,0,100,0,5,10,0,0,5,85,0
1895,Groningen,Oldambt,2019,0,85,0,5,10,0,0,0,75,0
1895,Groningen,Oldambt,2020,0,65,0,5,10,0,0,5,65,0
1895,Groningen,Oldambt,2021,0,75,0,0,5,0,0,0,90,0
1950,Groningen,Westerwolde,2018,0,30,0,5,0,0,0,5,235,0
1950,Groningen,Westerwolde,2019,0,15,0,0,0,0,0,0,195,0
1950,Groningen,Westerwolde,2020,0,30,0,0,0,0,0,0,155,0
1950,Groningen,Westerwolde,2021,0,40,0,0,0,0,0,0,185,0
1952,Groningen,Midden-Groningen,2018,0,110,0,5,20,0,0,5,55,0
1952,Groningen,Midden-Groningen,2019,0,105,0,10,15,0,0,0,30,0
1952,Groningen,Midden-Groningen,2020,0,65,0,5,15,0,0,5,45,0
1952,Groningen,Midden-Groningen,2021,0,55,5,5,30,0,0,0,45,5
1966,Groningen,Het Hogeland,2019,0,40,5,0,5,0,0,0,10,0
1966,Groningen,Het Hogeland,2020,0,35,0,5,5,0,0,0,20,5
1966,Groningen,Het Hogeland,2021,0,45,0,5,5,0,0,0,25,0
1969,Groningen,Westerkwartier,2019,0,65,0,5,5,0,0,0,35,0
1969,Groningen,Westerkwartier,2020,0,60,5,5,5,0,0,0,30,0
1969,Groningen,Westerkwartier,2021,0,60,0,0,5,0,0,0,50,0
1979,Groningen,Eemsdelta,2021,0,75,0,0,5,0,0,5,80,5
0881,Limburg,Onderbanken,2018,0,5,0,5,5,0,0,0,0,0
0882,Limburg,Landgraaf,2018,0,55,0,35,25,5,0,70,30,5
0882,Limburg,Landgraaf,2019,0,50,0,40,30,5,5,45,30,5
0882,Limburg,Landgraaf,2020,0,40,0,25,15,0,0,5,40,5
0882,Limburg,Landgraaf,2021,0,65,0,35,20,5,5,5,25,5
0888,Limburg,Beek,2018,0,25,0,15,5,0,0,10,20,0
0888,Limburg,Beek,2019,0,40,0,15,20,0,0,10,25,0
0888,Limburg,Beek,2020,0,30,0,15,10,0,0,10,20,0
0888,Limburg,Beek,2021,0,30,0,20,10,0,0,0,10,0
0889,Limburg,Beesel,2018,0,25,0,0,5,0,0,5,0,0
0889,Limburg,Beesel,2019,0,40,0,5,5,0,0,0,10,0
0889,Limburg,Beesel,2020,0,40,0,10,5,0,0,5,5,0
0889,Limburg,Beesel,2021,0,40,0,0,5,0,0,0,5,0
0893,Limburg,Bergen (L.),2018,0,10,0,5,0,0,0,5,5,0
0893,Limburg,Bergen (L.),2019,0,10,0,5,0,0,0,0,0,0
0893,Limburg,Bergen (L.),2020,0,10,5,0,0,0,0,0,0,0
0893,Limburg,Bergen (L.),2021,0,20,0,5,5,0,0,0,0,0
0899,Limburg,Brunssum,2018,0,40,0,40,35,10,0,15,40,10
0899,Limburg,Brunssum,2019,0,25,0,30,15,5,5,5,30,5
0899,Limburg,Brunssum,2020,0,40,0,25,15,5,0,5,20,0
0899,Limburg,Brunssum,2021,0,75,0,25,20,0,0,5,20,5
0907,Limburg,Gennep,2018,0,35,0,5,0,0,0,0,10,0
0907,Limburg,Gennep,2019,0,20,0,0,5,0,0,5,20,0
0907,Limburg,Gennep,2020,0,35,0,0,5,0,0,0,15,0
0907,Limburg,Gennep,2021,0,35,0,10,5,0,0,5,10,0
0917,Limburg,Heerlen,2018,0,240,0,125,160,25,10,70,345,15
0917,Limburg,Heerlen,2019,0,225,0,100,115,20,10,60,265,20
0917,Limburg,Heerlen,2020,0,215,0,95,85,20,10,35,285,5
0917,Limburg,Heerlen,2021,0,260,0,120,95,10,5,35,270,15
0928,Limburg,Kerkrade,2018,0,60,0,50,40,15,0,20,125,5
0928,Limburg,Kerkrade,2019,0,55,0,45,40,10,5,35,120,10
0928,Limburg,Kerkrade,2020,0,85,0,55,60,5,5,15,120,5
0928,Limburg,Kerkrade,2021,0,85,0,30,40,10,5,15,140,5
0935,Limburg,Maastricht,2018,0,1005,0,170,200,35,10,345,380,20
0935,Limburg,Maastricht,2019,0,1330,0,125,260,25,10,445,415,35
0935,Limburg,Maastricht,2020,0,840,0,90,170,15,5,230,290,35
0935,Limburg,Maastricht,2021,0,615,0,70,205,25,0,195,270,25
0938,Limburg,Meerssen,2018,0,35,0,20,5,0,0,5,5,0
0938,Limburg,Meerssen,2019,0,20,0,20,10,0,0,0,10,0
0938,Limburg,Meerssen,2020,0,30,0,5,10,0,0,0,5,0
0938,Limburg,Meerssen,2021,0,35,0,5,5,5,0,5,15,0
0944,Limburg,Mook en Middelaar,2018,0,25,0,0,5,0,0,0,0,0
0944,Limburg,Mook en Middelaar,2019,0,20,0,0,5,0,0,0,0,0
0944,Limburg,Mook en Middelaar,2020,0,20,0,5,0,0,0,0,0,0
0944,Limburg,Mook en Middelaar,2021,0,15,5,5,0,0,0,0,0,0
0946,Limburg,Nederweert,2018,0,20,0,5,0,0,0,5,5,0
0946,Limburg,Nederweert,2019,0,25,0,5,0,0,0,5,5,0
0946,Limburg,Nederweert,2020,0,5,0,10,0,0,0,0,5,0
0946,Limburg,Nederweert,2021,0,20,0,5,0,0,0,0,5,0
0951,Limburg,Nuth,2018,0,20,0,20,0,0,0,5,5,0
0957,Limburg,Roermond,2018,0,330,0,40,40,15,5,260,420,10
0957,Limburg,Roermond,2019,0,270,5,30,70,15,5,330,390,15
0957,Limburg,Roermond,2020,0,250,10,30,60,10,10,155,335,25
0957,Limburg,Roermond,2021,0,275,5,30,55,5,0,45,235,5
0962,Limburg,Schinnen,2018,0,10,0,15,5,0,0,0,5,0
0965,Limburg,Simpelveld,2018,0,0,0,5,5,0,0,0,0,0
0965,Limburg,Simpelveld,2019,0,5,0,0,0,0,0,0,0,5
0965,Limburg,Simpelveld,2020,0,5,0,5,5,0,0,0,0,0
0965,Limburg,Simpelveld,2021,0,15,0,5,5,0,0,0,0,0
0971,Limburg,Stein,2018,0,25,0,20,5,0,0,10,20,0
0971,Limburg,Stein,2019,0,20,0,10,10,0,0,10,5,5
0971,Limburg,Stein,2020,0,25,0,10,5,5,0,5,10,0
0971,Limburg,Stein,2021,0,15,0,10,10,0,5,0,5,0
0981,Limburg,Vaals,2018,0,10,0,20,10,10,0,5,10,0
0981,Limburg,Vaals,2019,0,25,0,20,5,15,0,10,10,0
0981,Limburg,Vaals,2020,0,15,0,10,5,5,0,5,15,0
0981,Limburg,Vaals,2021,0,15,0,15,0,5,0,5,15,0
0983,Limburg,Venlo,2018,0,640,0,55,75,15,10,120,330,15
0983,Limburg,Venlo,2019,0,620,0,60,95,30,20,120,335,20
0983,Limburg,Venlo,2020,0,605,0,70,85,10,5,70,410,10
0983,Limburg,Venlo,2021,0,625,0,45,95,5,5,75,260,10
0984,Limburg,Venray,2018,0,280,0,15,10,5,0,25,50,0
0984,Limburg,Venray,2019,0,180,0,20,15,0,0,20,55,0
0984,Limburg,Venray,2020,0,220,0,10,15,0,0,10,45,0
0984,Limburg,Venray,2021,0,210,0,10,20,0,0,5,45,0
0986,Limburg,Voerendaal,2018,0,15,0,15,5,0,0,0,5,0
0986,Limburg,Voerendaal,2019,0,10,0,5,5,0,0,0,0,0
0986,Limburg,Voerendaal,2020,0,10,0,10,5,0,0,0,0,0
0986,Limburg,Voerendaal,2021,0,20,0,10,5,0,0,0,5,0
0988,Limburg,Weert,2018,0,260,0,30,10,0,0,50,120,0
0988,Limburg,Weert,2019,0,275,0,15,20,0,5,70,125,5
0988,Limburg,Weert,2020,0,180,0,20,20,0,0,40,115,10
0988,Limburg,Weert,2021,0,115,0,20,10,0,0,20,60,0
0994,Limburg,Valkenburg aan de Geul,2018,0,35,0,35,10,10,0,25,10,0
0994,Limburg,Valkenburg aan de Geul,2019,0,45,0,40,10,10,0,20,20,0
0994,Limburg,Valkenburg aan de Geul,2020,0,75,0,10,5,5,0,5,5,0
0994,Limburg,Valkenburg aan de Geul,2021,0,140,0,25,5,10,0,5,10,0
1507,Limburg,Horst aan de Maas,2018,0,110,0,10,5,0,0,10,25,5
1507,Limburg,Horst aan de Maas,2019,0,100,0,10,5,0,0,10,40,0
1507,Limburg,Horst aan de Maas,2020,0,100,0,10,5,0,5,10,35,0
1507,Limburg,Horst aan de Maas,2021,0,125,0,10,10,0,0,10,40,0
1640,Limburg,Leudal,2018,0,60,0,20,5,0,0,10,25,0
1640,Limburg,Leudal,2019,0,70,0,20,10,0,0,0,25,0
1640,Limburg,Leudal,2020,0,55,0,5,15,0,0,0,20,0
1640,Limburg,Leudal,2021,0,90,0,10,5,0,0,5,10,0
1641,Limburg,Maasgouw,2018,0,25,5,20,5,10,0,10,15,0
1641,Limburg,Maasgouw,2019,0,30,10,15,5,5,0,5,20,0
1641,Limburg,Maasgouw,2020,0,25,5,10,15,5,0,5,15,0
1641,Limburg,Maasgouw,2021,0,40,5,15,5,5,0,0,10,0
1669,Limburg,Roerdalen,2018,0,25,0,10,5,0,0,0,10,0
1669,Limburg,Roerdalen,2019,0,30,0,10,5,0,0,0,5,0
1669,Limburg,Roerdalen,2020,0,35,0,10,5,0,0,0,10,0
1669,Limburg,Roerdalen,2021,0,25,0,10,0,0,0,0,5,0
1711,Limburg,Echt-Susteren,2018,0,55,0,25,10,10,0,15,15,5
1711,Limburg,Echt-Susteren,2019,0,90,0,15,15,0,0,10,30,0
1711,Limburg,Echt-Susteren,2020,0,60,0,30,10,5,0,5,20,0
1711,Limburg,Echt-Susteren,2021,0,45,0,10,5,0,0,5,20,0
1729,Limburg,Gulpen-Wittem,2018,0,10,0,20,10,10,0,5,5,0
1729,Limburg,Gulpen-Wittem,2019,0,20,0,10,5,0,0,5,5,0
1729,Limburg,Gulpen-Wittem,2020,0,55,0,10,5,0,0,0,5,0
1729,Limburg,Gulpen-Wittem,2021,0,65,0,15,5,0,0,0,5,0
1883,Limburg,Sittard-Geleen,2018,0,545,0,90,110,10,15,65,240,15
1883,Limburg,Sittard-Geleen,2019,0,345,0,75,130,10,10,60,225,10
1883,Limburg,Sittard-Geleen,2020,0,215,0,65,120,10,10,40,260,15
1883,Limburg,Sittard-Geleen,2021,0,195,0,100,95,5,5,30,190,5
1894,Limburg,Peel en Maas,2018,0,65,0,10,5,0,5,10,30,5
1894,Limburg,Peel en Maas,2019,0,75,0,15,5,0,0,10,25,0
1894,Limburg,Peel en Maas,2020,0,45,0,15,10,0,0,5,30,0
1894,Limburg,Peel en Maas,2021,0,70,0,10,15,0,0,5,20,0
1903,Limburg,Eijsden-Margraten,2018,0,75,0,15,5,0,0,5,5,0
1903,Limburg,Eijsden-Margraten,2019,0,65,0,10,10,0,0,10,5,5
1903,Limburg,Eijsden-Margraten,2020,0,50,0,5,5,0,0,0,5,0
1903,Limburg,Eijsden-Margraten,2021,0,40,0,10,10,0,0,5,5,0
1954,Limburg,Beekdaelen,2019,0,25,0,40,15,0,0,5,10,0
1954,Limburg,Beekdaelen,2020,0,35,0,25,10,0,0,0,5,0
1954,Limburg,Beekdaelen,2021,0,40,0,35,10,5,0,0,15,0
0738,Noord-Brabant,Aalburg,2018,0,5,0,0,0,0,0,0,10,0
0743,Noord-Brabant,Asten,2018,0,45,0,5,0,0,0,0,25,0
0743,Noord-Brabant,Asten,2019,0,40,0,5,10,0,0,5,20,0
0743,Noord-Brabant,Asten,2020,0,45,0,5,10,0,0,5,15,0
0743,Noord-Brabant,Asten,2021,0,55,0,5,0,0,0,5,10,0
0744,Noord-Brabant,Baarle-Nassau,2018,0,5,0,0,5,0,0,0,0,0
0744,Noord-Brabant,Baarle-Nassau,2019,0,5,0,0,0,0,0,5,0,0
0744,Noord-Brabant,Baarle-Nassau,2020,0,5,0,0,0,0,0,0,0,0
0744,Noord-Brabant,Baarle-Nassau,2021,0,15,0,5,0,0,0,0,0,0
0748,Noord-Brabant,Bergen op Zoom,2018,0,190,0,20,45,0,0,25,195,0
0748,Noord-Brabant,Bergen op Zoom,2019,0,245,0,25,50,0,0,20,195,15
0748,Noord-Brabant,Bergen op Zoom,2020,0,170,0,30,45,5,0,20,190,5
0748,Noord-Brabant,Bergen op Zoom,2021,0,190,0,30,30,5,5,15,215,10
0753,Noord-Brabant,Best,2018,0,75,0,15,10,0,0,10,85,0
0753,Noord-Brabant,Best,2019,0,75,0,10,5,0,0,10,80,0
0753,Noord-Brabant,Best,2020,0,65,0,10,10,0,0,5,50,5
0753,Noord-Brabant,Best,2021,0,85,0,10,20,5,5,10,35,0
0755,Noord-Brabant,Boekel,2018,0,20,0,5,0,0,0,0,5,0
0755,Noord-Brabant,Boekel,2019,0,15,0,0,0,0,0,0,5,0
0755,Noord-Brabant,Boekel,2020,0,15,0,5,0,0,0,0,5,0
0755,Noord-Brabant,Boekel,2021,0,20,0,0,0,0,0,0,5,0
0756,Noord-Brabant,Boxmeer,2018,0,85,5,5,5,0,0,5,25,0
0756,Noord-Brabant,Boxmeer,2019,0,115,0,10,10,0,0,15,30,5
0756,Noord-Brabant,Boxmeer,2020,0,80,0,5,5,0,0,5,40,0
0756,Noord-Brabant,Boxmeer,2021,0,70,0,10,10,0,0,5,40,0
0757,Noord-Brabant,Boxtel,2018,0,90,0,10,15,5,0,15,35,0
0757,Noord-Brabant,Boxtel,2019,0,80,0,10,10,0,0,10,25,0
0757,Noord-Brabant,Boxtel,2020,0,115,0,10,15,0,0,0,20,0
0757,Noord-Brabant,Boxtel,2021,0,165,0,5,20,0,0,0,15,0
0758,Noord-Brabant,Breda,2018,0,800,5,135,185,20,10,210,525,35
0758,Noord-Brabant,Breda,2019,0,850,5,90,200,10,5,305,580,40
0758,Noord-Brabant,Breda,2020,5,710,5,75,255,10,5,180,495,30
0758,Noord-Brabant,Breda,2021,0,885,0,85,210,5,5,90,515,15
0762,Noord-Brabant,Deurne,2018,0,135,0,20,20,0,0,10,15,0
0762,Noord-Brabant,Deurne,2019,0,190,0,20,15,0,0,5,15,0
0762,Noord-Brabant,Deurne,2020,0,150,0,5,5,0,0,0,30,0
0762,Noord-Brabant,Deurne,2021,0,160,0,10,15,0,0,5,35,0
0766,Noord-Brabant,Dongen,2018,0,40,0,5,5,0,0,5,5,0
0766,Noord-Brabant,Dongen,2019,0,25,0,0,0,0,0,5,20,0
0766,Noord-Brabant,Dongen,2020,0,35,0,5,5,0,0,5,20,0
0766,Noord-Brabant,Dongen,2021,0,45,0,5,0,0,0,0,10,0
0770,Noord-Brabant,Eersel,2018,0,35,0,10,5,0,0,5,5,0
0770,Noord-Brabant,Eersel,2019,0,25,0,5,0,0,0,5,5,0
0770,Noord-Brabant,Eersel,2020,0,30,0,15,5,0,0,5,5,0
0770,Noord-Brabant,Eersel,2021,0,25,0,5,5,0,0,0,5,0
0772,Noord-Brabant,Eindhoven,2018,0,1225,0,225,295,35,40,820,1150,90
0772,Noord-Brabant,Eindhoven,2019,0,1245,0,155,340,45,40,645,980,50
0772,Noord-Brabant,Eindhoven,2020,5,1510,0,165,350,30,20,380,895,55
0772,Noord-Brabant,Eindhoven,2021,0,1320,0,130,285,30,5,195,715,40
0777,Noord-Brabant,Etten-Leur,2018,0,100,0,15,25,0,0,10,40,0
0777,Noord-Brabant,Etten-Leur,2019,0,100,0,20,30,0,0,15,55,0
0777,Noord-Brabant,Etten-Leur,2020,0,65,0,25,35,0,0,10,55,0
0777,Noord-Brabant,Etten-Leur,2021,0,80,0,40,15,0,0,10,55,5
0779,Noord-Brabant,Geertruidenberg,2018,0,25,5,10,5,0,0,0,10,0
0779,Noord-Brabant,Geertruidenberg,2019,0,25,5,5,5,0,0,5,15,0
0779,Noord-Brabant,Geertruidenberg,2020,0,40,0,5,10,0,0,0,30,0
0779,Noord-Brabant,Geertruidenberg,2021,0,30,5,5,5,0,0,0,15,0
0784,Noord-Brabant,Gilze en Rijen,2018,0,50,0,15,0,0,0,5,15,0
0784,Noord-Brabant,Gilze en Rijen,2019,0,25,0,5,15,0,0,5,15,0
0784,Noord-Brabant,Gilze en Rijen,2020,0,40,0,15,5,0,0,5,10,0
0784,Noord-Brabant,Gilze en Rijen,2021,0,45,0,5,5,0,0,0,15,0
0785,Noord-Brabant,Goirle,2018,0,60,0,5,15,0,0,0,5,0
0785,Noord-Brabant,Goirle,2019,0,50,0,5,10,5,0,5,15,0
0785,Noord-Brabant,Goirle,2020,0,40,0,10,15,0,0,0,15,0
0785,Noord-Brabant,Goirle,2021,0,65,0,10,5,0,0,5,25,0
0786,Noord-Brabant,Grave,2018,0,45,0,5,5,0,0,5,15,0
0786,Noord-Brabant,Grave,2019,0,25,0,0,10,0,0,5,15,0
0786,Noord-Brabant,Grave,2020,0,25,0,5,0,0,0,0,20,0
0786,Noord-Brabant,Grave,2021,0,20,0,5,5,0,0,5,5,0
0788,Noord-Brabant,Haaren,2018,0,10,0,0,0,0,0,5,20,0
0788,Noord-Brabant,Haaren,2019,0,5,0,0,0,0,0,0,5,0
0788,Noord-Brabant,Haaren,2020,0,10,0,5,5,0,0,0,5,0
0794,Noord-Brabant,Helmond,2018,0,585,0,50,100,15,15,60,280,25
0794,Noord-Brabant,Helmond,2019,5,505,0,55,95,5,5,35,210,25
0794,Noord-Brabant,Helmond,2020,0,430,0,45,135,10,5,35,200,15
0794,Noord-Brabant,Helmond,2021,0,480,0,40,105,10,5,25,180,10
0796,Noord-Brabant,'s-Hertogenbosch,2018,0,690,10,155,300,20,10,205,410,20
0796,Noord-Brabant,'s-Hertogenbosch,2019,0,615,5,80,280,25,10,175,415,20
0796,Noord-Brabant,'s-Hertogenbosch,2020,0,660,5,65,165,10,5,115,375,15
0796,Noord-Brabant,'s-Hertogenbosch,2021,0,650,5,35,140,10,5,65,370,10
0797,Noord-Brabant,Heusden,2018,0,70,0,15,5,5,0,10,45,0
0797,Noord-Brabant,Heusden,2019,0,55,0,20,5,0,0,0,20,0
0797,Noord-Brabant,Heusden,2020,0,40,0,10,10,0,0,5,35,0
0797,Noord-Brabant,Heusden,2021,0,75,0,15,10,0,0,5,25,0
0798,Noord-Brabant,Hilvarenbeek,2018,0,30,0,0,0,0,0,45,5,0
0798,Noord-Brabant,Hilvarenbeek,2019,0,15,0,0,5,0,5,20,10,0
0798,Noord-Brabant,Hilvarenbeek,2020,0,25,5,5,5,0,0,0,5,5
0798,Noord-Brabant,Hilvarenbeek,2021,0,45,0,5,5,0,0,5,5,0
0809,Noord-Brabant,Loon op Zand,2018,0,65,0,5,5,0,0,15,55,0
0809,Noord-Brabant,Loon op Zand,2019,0,30,0,10,5,0,0,15,55,5
0809,Noord-Brabant,Loon op Zand,2020,0,65,0,5,5,0,0,5,35,0
0809,Noord-Brabant,Loon op Zand,2021,0,70,0,10,5,0,0,10,30,0
0815,Noord-Brabant,Mill en Sint Hubert,2018,0,10,0,0,0,0,0,0,0,0
0815,Noord-Brabant,Mill en Sint Hubert,2019,0,15,0,0,0,0,0,0,20,0
0815,Noord-Brabant,Mill en Sint Hubert,2020,0,10,0,0,0,0,0,0,5,0
0815,Noord-Brabant,Mill en Sint Hubert,2021,0,5,0,0,0,0,0,0,5,0
0820,Noord-Brabant,"Nuenen, Gerwen en Nederwetten",2018,0,55,0,5,5,0,0,5,20,0
0820,Noord-Brabant,"Nuenen, Gerwen en Nederwetten",2019,0,35,0,10,20,5,0,5,10,5
0820,Noord-Brabant,"Nuenen, Gerwen en Nederwetten",2020,0,75,0,10,10,0,0,5,10,0
0820,Noord-Brabant,"Nuenen, Gerwen en Nederwetten",2021,0,100,0,5,5,0,0,0,15,0
0823,Noord-Brabant,Oirschot,2018,0,45,0,5,10,0,0,0,10,0
0823,Noord-Brabant,Oirschot,2019,0,35,0,5,5,0,0,5,5,0
0823,Noord-Brabant,Oirschot,2020,0,30,0,10,10,0,0,5,5,0
0823,Noord-Brabant,Oirschot,2021,0,50,0,5,5,0,0,0,5,0
0824,Noord-Brabant,Oisterwijk,2018,0,85,0,10,5,0,0,20,35,0
0824,Noord-Brabant,Oisterwijk,2019,0,70,0,5,5,0,0,15,45,0
0824,Noord-Brabant,Oisterwijk,2020,5,55,0,5,20,5,0,10,20,0
0824,Noord-Brabant,Oisterwijk,2021,0,85,0,5,15,0,0,5,15,5
0826,Noord-Brabant,Oosterhout,2018,0,135,0,25,15,0,5,15,85,5
0826,Noord-Brabant,Oosterhout,2019,0,155,0,25,25,0,0,25,80,5
0826,Noord-Brabant,Oosterhout,2020,0,145,0,20,45,5,0,15,80,5
0826,Noord-Brabant,Oosterhout,2021,0,125,0,20,15,0,5,15,65,5
0828,Noord-Brabant,Oss,2018,0,560,5,55,95,5,5,25,165,10
0828,Noord-Brabant,Oss,2019,0,740,0,60,100,5,10,25,215,15
0828,Noord-Brabant,Oss,2020,0,545,0,40,75,5,5,15,315,5
0828,Noord-Brabant,Oss,2021,0,605,0,35,75,0,0,10,170,5
0840,Noord-Brabant,Rucphen,2018,0,10,0,5,5,0,0,0,5,0
0840,Noord-Brabant,Rucphen,2019,5,15,0,5,10,0,0,0,10,0
0840,Noord-Brabant,Rucphen,2020,0,25,0,5,10,0,0,0,10,0
0840,Noord-Brabant,Rucphen,2021,0,35,0,10,5,0,0,0,5,0
0845,Noord-Brabant,Sint-Michielsgestel,2018,0,50,0,5,10,5,0,5,10,0
0845,Noord-Brabant,Sint-Michielsgestel,2019,0,35,0,10,5,0,0,0,15,0
0845,Noord-Brabant,Sint-Michielsgestel,2020,0,35,0,5,0,0,0,0,15,0
0845,Noord-Brabant,Sint-Michielsgestel,2021,0,50,0,0,5,0,0,0,10,0
0847,Noord-Brabant,Someren,2018,0,25,0,5,0,0,0,5,5,0
0847,Noord-Brabant,Someren,2019,0,45,0,5,0,0,0,0,10,0
0847,Noord-Brabant,Someren,2020,0,40,0,5,0,0,0,0,10,0
0847,Noord-Brabant,Someren,2021,0,50,0,0,0,0,0,0,15,0
0848,Noord-Brabant,Son en Breugel,2018,0,45,0,10,0,0,0,10,40,0
0848,Noord-Brabant,Son en Breugel,2019,0,15,0,10,5,0,0,0,40,0
0848,Noord-Brabant,Son en Breugel,2020,0,25,0,10,5,0,0,5,35,0
0848,Noord-Brabant,Son en Breugel,2021,0,45,0,10,0,0,0,0,30,0
0851,Noord-Brabant,Steenbergen,2018,5,25,5,10,0,0,0,0,15,0
0851,Noord-Brabant,Steenbergen,2019,0,20,0,15,10,0,0,0,20,0
0851,Noord-Brabant,Steenbergen,2020,0,15,0,5,5,0,0,5,30,0
0851,Noord-Brabant,Steenbergen,2021,0,20,0,10,10,0,0,5,10,0
0855,Noord-Brabant,Tilburg,2018,0,1865,5,80,300,20,10,265,850,45
0855,Noord-Brabant,Tilburg,2019,0,1685,0,85,320,20,20,235,790,80
0855,Noord-Brabant,Tilburg,2020,5,1485,5,75,290,25,15,155,625,50
0855,Noord-Brabant,Tilburg,2021,0,1615,0,85,350,15,20,110,495,30
0856,Noord-Brabant,Uden,2018,0,250,0,20,20,0,0,10,55,0
0856,Noord-Brabant,Uden,2019,0,140,0,20,20,0,0,15,40,0
0856,Noord-Brabant,Uden,2020,0,115,0,10,15,0,5,5,35,0
0856,Noord-Brabant,Uden,2021,0,170,0,5,25,0,0,10,30,0
0858,Noord-Brabant,Valkenswaard,2018,0,90,0,15,10,5,0,15,15,0
0858,Noord-Brabant,Valkenswaard,2019,0,90,0,10,10,0,5,15,20,0
0858,Noord-Brabant,Valkenswaard,2020,0,75,0,20,20,0,0,5,20,0
0858,Noord-Brabant,Valkenswaard,2021,0,100,0,5,10,0,0,5,20,5
0861,Noord-Brabant,Veldhoven,2018,0,105,0,5,20,0,5,10,50,5
0861,Noord-Brabant,Veldhoven,2019,0,125,0,15,45,5,0,10,45,5
0861,Noord-Brabant,Veldhoven,2020,0,145,0,25,35,5,0,5,45,5
0861,Noord-Brabant,Veldhoven,2021,0,150,0,20,15,5,0,5,25,5
0865,Noord-Brabant,Vught,2018,0,55,0,15,20,5,0,5,20,0
0865,Noord-Brabant,Vught,2019,0,40,0,5,15,5,0,5,15,0
0865,Noord-Brabant,Vught,2020,0,70,0,5,10,0,0,5,10,5
0865,Noord-Brabant,Vught,2021,0,60,0,5,15,0,0,5,20,0
0866,Noord-Brabant,Waalre,2018,0,40,0,25,5,0,0,0,15,0
0866,Noord-Brabant,Waalre,2019,0,20,0,15,10,0,0,5,20,0
0866,Noord-Brabant,Waalre,2020,0,35,0,10,5,5,0,0,10,0
0866,Noord-Brabant,Waalre,2021,0,25,0,10,5,0,0,5,10,0
0867,Noord-Brabant,Waalwijk,2018,0,90,0,40,10,0,5,15,60,0
0867,Noord-Brabant,Waalwijk,2019,0,60,5,10,15,0,0,10,40,5
0867,Noord-Brabant,Waalwijk,2020,0,45,5,20,25,0,5,5,45,0
0867,Noord-Brabant,Waalwijk,2021,0,115,0,20,10,0,0,5,65,5
0870,Noord-Brabant,Werkendam,2018,0,15,0,0,5,0,0,5,5,0
0873,Noord-Brabant,Woensdrecht,2018,0,20,0,10,5,0,0,5,20,0
0873,Noord-Brabant,Woensdrecht,2019,0,20,0,10,0,0,0,5,15,0
0873,Noord-Brabant,Woensdrecht,2020,0,15,0,10,0,0,0,5,20,0
0873,Noord-Brabant,Woensdrecht,2021,0,25,0,10,5,0,0,0,10,0
0874,Noord-Brabant,Woudrichem,2018,0,5,0,0,0,0,0,0,5,0
0879,Noord-Brabant,Zundert,2018,0,20,0,10,0,0,0,0,10,5
0879,Noord-Brabant,Zundert,2019,0,20,0,5,5,0,0,5,10,0
0879,Noord-Brabant,Zundert,2020,0,10,0,0,5,0,0,5,5,0
0879,Noord-Brabant,Zundert,2021,0,15,0,5,0,0,0,0,5,0
1652,Noord-Brabant,Gemert-Bakel,2018,0,70,0,5,10,0,0,10,20,0
1652,Noord-Brabant,Gemert-Bakel,2019,0,100,0,5,15,0,0,5,25,0
1652,Noord-Brabant,Gemert-Bakel,2020,0,85,0,5,10,0,0,5,10,0
1652,Noord-Brabant,Gemert-Bakel,2021,0,120,0,5,5,0,0,0,15,0
1655,Noord-Brabant,Halderberge,2018,0,40,0,15,10,0,0,5,25,0
1655,Noord-Brabant,Halderberge,2019,0,40,0,15,15,0,5,5,25,0
1655,Noord-Brabant,Halderberge,2020,0,30,5,20,15,0,0,5,30,5
1655,Noord-Brabant,Halderberge,2021,0,50,0,10,15,0,0,0,25,0
1658,Noord-Brabant,Heeze-Leende,2018,0,25,0,10,0,0,0,5,10,0
1658,Noord-Brabant,Heeze-Leende,2019,0,15,0,5,0,0,0,0,5,0
1658,Noord-Brabant,Heeze-Leende,2020,0,25,0,5,0,0,0,0,5,0
1658,Noord-Brabant,Heeze-Leende,2021,0,35,0,0,0,0,0,0,0,0
1659,Noord-Brabant,Laarbeek,2018,0,45,0,5,0,0,5,20,5,0
1659,Noord-Brabant,Laarbeek,2019,0,35,0,10,5,0,0,5,5,0
1659,Noord-Brabant,Laarbeek,2020,0,35,0,5,15,5,0,0,5,0
1659,Noord-Brabant,Laarbeek,2021,0,25,0,5,5,0,0,0,5,0
1667,Noord-Brabant,Reusel-De Mierden,2018,0,30,0,0,0,0,0,5,15,0
1667,Noord-Brabant,Reusel-De Mierden,2019,0,15,0,0,0,0,0,0,10,0
1667,Noord-Brabant,Reusel-De Mierden,2020,0,15,0,5,0,0,0,0,10,0
1667,Noord-Brabant,Reusel-De Mierden,2021,0,15,0,0,0,0,0,0,5,0
1674,Noord-Brabant,Roosendaal,2018,0,220,0,40,40,5,5,40,205,5
1674,Noord-Brabant,Roosendaal,2019,0,270,0,30,65,0,5,35,255,10
1674,Noord-Brabant,Roosendaal,2020,0,260,0,65,85,5,0,35,175,5
1674,Noord-Brabant,Roosendaal,2021,0,305,0,55,120,5,0,25,255,5
1684,Noord-Brabant,Cuijk,2018,0,55,0,10,10,0,0,10,15,0
1684,Noord-Brabant,Cuijk,2019,0,85,5,5,5,0,0,10,20,0
1684,Noord-Brabant,Cuijk,2020,0,60,0,5,5,0,5,0,55,0
1684,Noord-Brabant,Cuijk,2021,0,60,0,5,10,0,0,5,20,0
1685,Noord-Brabant,Landerd,2018,0,15,0,5,0,0,0,0,0,0
1685,Noord-Brabant,Landerd,2019,0,30,0,5,5,0,0,5,0,0
1685,Noord-Brabant,Landerd,2020,0,15,0,5,5,0,0,0,5,0
1685,Noord-Brabant,Landerd,2021,0,25,0,5,0,0,0,5,5,0
1702,Noord-Brabant,Sint Anthonis,2018,0,15,0,0,0,0,0,0,0,0
1702,Noord-Brabant,Sint Anthonis,2019,0,20,0,0,0,0,0,0,0,0
1702,Noord-Brabant,Sint Anthonis,2020,0,5,0,0,0,0,0,0,0,0
1702,Noord-Brabant,Sint Anthonis,2021,0,5,0,0,0,0,0,0,0,0
1706,Noord-Brabant,Cranendonck,2018,0,45,0,10,0,0,0,5,35,0
1706,Noord-Brabant,Cranendonck,2019,0,60,0,5,5,0,0,10,35,5
1706,Noord-Brabant,Cranendonck,2020,0,50,0,10,0,0,0,5,35,0
1706,Noord-Brabant,Cranendonck,2021,0,50,0,5,5,0,0,5,55,0
1709,Noord-Brabant,Moerdijk,2018,0,50,5,20,0,5,0,10,10,0
1709,Noord-Brabant,Moerdijk,2019,0,40,0,30,10,0,0,0,15,0
1709,Noord-Brabant,Moerdijk,2020,0,30,5,20,15,5,0,5,15,0
1709,Noord-Brabant,Moerdijk,2021,0,45,0,25,10,0,0,0,20,0
1719,Noord-Brabant,Drimmelen,2018,0,25,5,10,5,0,0,5,10,0
1719,Noord-Brabant,Drimmelen,2019,0,30,5,10,5,5,0,0,10,0
1719,Noord-Brabant,Drimmelen,2020,0,30,5,10,10,0,5,0,10,0
1719,Noord-Brabant,Drimmelen,2021,0,20,0,10,0,0,5,0,15,0
1721,Noord-Brabant,Bernheze,2018,0,45,0,15,5,0,0,10,45,0
1721,Noord-Brabant,Bernheze,2019,0,70,0,10,10,0,0,0,35,0
1721,Noord-Brabant,Bernheze,2020,0,50,0,0,10,0,0,5,50,0
1721,Noord-Brabant,Bernheze,2021,0,55,0,5,5,0,0,0,45,0
1723,Noord-Brabant,Alphen-Chaam,2018,0,10,0,0,0,0,0,0,5,0
1723,Noord-Brabant,Alphen-Chaam,2019,0,15,0,5,0,0,0,0,0,0
1723,Noord-Brabant,Alphen-Chaam,2020,0,5,0,0,0,0,0,0,0,0
1723,Noord-Brabant,Alphen-Chaam,2021,0,15,0,0,0,0,0,0,5,0
1724,Noord-Brabant,Bergeijk,2018,0,35,0,5,0,0,0,5,10,0
1724,Noord-Brabant,Bergeijk,2019,0,30,0,0,5,0,0,0,5,0
1724,Noord-Brabant,Bergeijk,2020,0,20,0,15,5,0,0,0,5,0
1724,Noord-Brabant,Bergeijk,2021,0,20,0,5,0,0,0,0,5,0
1728,Noord-Brabant,Bladel,2018,0,45,0,0,5,0,0,5,5,0
1728,Noord-Brabant,Bladel,2019,0,50,0,5,0,0,0,5,10,0
1728,Noord-Brabant,Bladel,2020,0,50,0,5,5,0,5,5,20,0
1728,Noord-Brabant,Bladel,2021,5,30,0,5,5,0,0,0,5,0
1771,Noord-Brabant,Geldrop-Mierlo,2018,0,125,0,30,15,5,5,15,35,5
1771,Noord-Brabant,Geldrop-Mierlo,2019,0,105,0,25,30,0,0,0,25,5
1771,Noord-Brabant,Geldrop-Mierlo,2020,0,155,0,40,5,5,0,0,35,0
1771,Noord-Brabant,Geldrop-Mierlo,2021,0,150,0,10,20,0,0,10,50,0
1948,Noord-Brabant,Meierijstad,2018,0,235,0,20,25,5,5,55,80,5
1948,Noord-Brabant,Meierijstad,2019,5,175,0,30,25,5,5,125,60,0
1948,Noord-Brabant,Meierijstad,2020,0,190,0,15,25,0,0,15,70,0
1948,Noord-Brabant,Meierijstad,2021,0,175,0,20,30,5,0,5,60,0
1959,Noord-Brabant,Altena,2019,0,40,5,10,10,0,0,0,25,0
1959,Noord-Brabant,Altena,2020,0,90,10,5,15,0,0,5,15,0
1959,Noord-Brabant,Altena,2021,0,45,5,5,10,0,0,0,20,0
0358,Noord-Holland,Aalsmeer,2018,0,75,5,0,20,0,0,5,45,0
0358,Noord-Holland,Aalsmeer,2019,0,70,5,10,10,5,0,5,25,5
0358,Noord-Holland,Aalsmeer,2020,0,40,10,5,20,0,0,5,35,5
0358,Noord-Holland,Aalsmeer,2021,0,50,5,10,10,0,0,5,30,5
0361,Noord-Holland,Alkmaar,2018,0,565,5,40,190,10,15,60,430,10
0361,Noord-Holland,Alkmaar,2019,0,470,5,40,105,10,10,55,380,15
0361,Noord-Holland,Alkmaar,2020,0,305,20,35,135,5,5,25,300,15
0361,Noord-Holland,Alkmaar,2021,0,425,15,35,150,5,5,30,305,20
0362,Noord-Holland,Amstelveen,2018,0,245,0,50,80,15,5,110,155,20
0362,Noord-Holland,Amstelveen,2019,0,285,0,35,110,15,10,70,165,30
0362,Noord-Holland,Amstelveen,2020,0,295,0,55,60,20,5,40,155,45
0362,Noord-Holland,Amstelveen,2021,0,295,0,55,50,15,5,20,145,20
0363,Noord-Holland,Amsterdam,2018,0,8800,75,1245,2500,590,225,5405,4865,1250
0363,Noord-Holland,Amsterdam,2019,0,8870,60,1125,2400,665,215,4590,5360,1265
0363,Noord-Holland,Amsterdam,2020,0,8330,60,885,1995,530,150,2055,3735,940
0363,Noord-Holland,Amsterdam,2021,10,6745,45,760,1400,455,160,1525,3280,710
0370,Noord-Holland,Beemster,2018,0,5,0,5,0,0,0,0,0,0
0370,Noord-Holland,Beemster,2019,0,0,0,0,5,0,0,0,0,0
0370,Noord-Holland,Beemster,2020,0,5,0,0,5,0,0,0,0,0
0370,Noord-Holland,Beemster,2021,0,5,0,0,0,0,0,0,0,0
0373,Noord-Holland,Bergen (NH.),2018,0,45,0,15,25,0,0,5,5,0
0373,Noord-Holland,Bergen (NH.),2019,0,55,0,5,15,0,0,10,10,0
0373,Noord-Holland,Bergen (NH.),2020,0,45,0,10,25,0,0,5,5,0
0373,Noord-Holland,Bergen (NH.),2021,0,45,0,10,15,0,0,5,10,5
0375,Noord-Holland,Beverwijk,2018,0,105,0,10,35,0,5,45,90,5
0375,Noord-Holland,Beverwijk,2019,0,120,0,10,45,0,10,40,50,15
0375,Noord-Holland,Beverwijk,2020,0,105,0,15,35,5,5,20,65,5
0375,Noord-Holland,Beverwijk,2021,0,105,0,15,25,5,0,20,60,10
0376,Noord-Holland,Blaricum,2018,0,15,0,5,5,0,0,0,5,0
0376,Noord-Holland,Blaricum,2019,0,15,0,5,5,0,0,0,0,0
0376,Noord-Holland,Blaricum,2020,0,15,0,0,5,0,0,0,5,5
0376,Noord-Holland,Blaricum,2021,0,5,0,0,5,0,0,0,0,0
0377,Noord-Holland,Bloemendaal,2018,0,80,0,5,15,5,0,5,5,0
0377,Noord-Holland,Bloemendaal,2019,0,75,0,5,10,0,0,10,15,5
0377,Noord-Holland,Bloemendaal,2020,0,135,0,5,15,0,0,5,15,0
0377,Noord-Holland,Bloemendaal,2021,0,135,0,10,10,0,0,5,20,5
0383,Noord-Holland,Castricum,2018,0,70,0,10,45,0,0,5,15,0
0383,Noord-Holland,Castricum,2019,0,90,0,5,25,5,0,10,10,5
0383,Noord-Holland,Castricum,2020,0,80,0,10,10,0,0,5,20,5
0383,Noord-Holland,Castricum,2021,0,70,0,5,10,0,0,5,10,5
0384,Noord-Holland,Diemen,2018,0,90,0,25,45,10,5,20,20,30
0384,Noord-Holland,Diemen,2019,0,115,0,30,60,25,10,20,40,30
0384,Noord-Holland,Diemen,2020,0,130,0,30,50,20,10,15,60,15
0384,Noord-Holland,Diemen,2021,0,110,0,30,45,30,5,20,55,15
0385,Noord-Holland,Edam-Volendam,2018,0,30,5,10,5,0,0,35,15,0
0385,Noord-Holland,Edam-Volendam,2019,0,30,0,5,10,0,5,20,10,0
0385,Noord-Holland,Edam-Volendam,2020,0,25,0,10,10,0,0,0,10,0
0385,Noord-Holland,Edam-Volendam,2021,0,20,0,5,10,0,0,5,10,5
0388,Noord-Holland,Enkhuizen,2018,0,115,5,5,20,0,0,5,40,0
0388,Noord-Holland,Enkhuizen,2019,0,90,5,15,10,0,0,0,35,5
0388,Noord-Holland,Enkhuizen,2020,0,75,5,10,15,0,0,5,50,0
0388,Noord-Holland,Enkhuizen,2021,0,70,5,5,10,0,0,0,50,10
0392,Noord-Holland,Haarlem,2018,0,1020,10,65,225,15,15,85,390,30
0392,Noord-Holland,Haarlem,2019,0,1110,10,75,200,30,15,75,490,35
0392,Noord-Holland,Haarlem,2020,0,875,10,70,310,25,15,45,385,45
0392,Noord-Holland,Haarlem,2021,0,1020,10,50,175,25,10,45,320,25
0393,Noord-Holland,Haarlemmerliede en Spaarnwoude,2018,0,10,0,5,0,0,5,5,0,0
0394,Noord-Holland,Haarlemmermeer,2018,0,390,5,85,135,25,10,480,660,10
0394,Noord-Holland,Haarlemmermeer,2019,0,290,5,105,150,20,10,255,735,15
0394,Noord-Holland,Haarlemmermeer,2020,0,270,10,60,90,25,5,60,495,25
0394,Noord-Holland,Haarlemmermeer,2021,0,335,20,80,50,10,10,50,485,20
0396,Noord-Holland,Heemskerk,2018,0,65,0,10,15,0,5,5,65,5
0396,Noord-Holland,Heemskerk,2019,0,85,0,5,30,0,5,5,70,10
0396,Noord-Holland,Heemskerk,2020,0,80,0,10,20,0,0,0,60,5
0396,Noord-Holland,Heemskerk,2021,0,75,0,10,25,0,0,5,95,5
0397,Noord-Holland,Heemstede,2018,0,105,0,10,30,0,0,10,25,5
0397,Noord-Holland,Heemstede,2019,0,120,5,5,15,0,0,5,30,0
0397,Noord-Holland,Heemstede,2020,0,145,0,5,25,0,5,0,65,0
0397,Noord-Holland,Heemstede,2021,0,115,0,10,20,0,0,5,45,5
0398,Noord-Holland,Heerhugowaard,2018,0,200,5,25,65,0,0,10,80,5
0398,Noord-Holland,Heerhugowaard,2019,0,190,0,20,40,0,10,10,90,10
0398,Noord-Holland,Heerhugowaard,2020,0,145,5,35,45,5,0,10,135,20
0398,Noord-Holland,Heerhugowaard,2021,0,130,0,15,60,5,5,10,105,10
0399,Noord-Holland,Heiloo,2018,0,35,0,0,25,0,0,0,15,0
0399,Noord-Holland,Heiloo,2019,0,60,0,5,10,0,0,5,10,0
0399,Noord-Holland,Heiloo,2020,0,50,0,5,10,0,0,0,20,0
0399,Noord-Holland,Heiloo,2021,0,40,0,5,5,0,0,0,40,0
0400,Noord-Holland,Den Helder,2018,0,130,10,10,25,5,5,15,155,10
0400,Noord-Holland,Den Helder,2019,0,205,0,5,20,0,0,10,235,10
0400,Noord-Holland,Den Helder,2020,0,155,0,5,20,0,0,15,185,15
0400,Noord-Holland,Den Helder,2021,0,145,5,15,25,0,0,15,140,10
0402,Noord-Holland,Hilversum,2018,0,435,0,30,60,5,5,55,230,10
0402,Noord-Holland,Hilversum,2019,0,515,0,30,115,5,0,55,270,15
0402,Noord-Holland,Hilversum,2020,0,350,0,25,120,5,10,30,170,15
0402,Noord-Holland,Hilversum,2021,0,370,5,15,90,5,0,30,135,5
0405,Noord-Holland,Hoorn,2018,0,290,5,20,105,0,5,20,175,15
0405,Noord-Holland,Hoorn,2019,0,365,0,25,70,5,5,15,180,20
0405,Noord-Holland,Hoorn,2020,0,320,0,45,70,5,10,15,155,25
0405,Noord-Holland,Hoorn,2021,0,185,0,35,45,5,5,10,130,15
0406,Noord-Holland,Huizen,2018,0,65,0,10,15,0,0,5,75,5
0406,Noord-Holland,Huizen,2019,0,80,0,10,10,0,0,5,105,0
0406,Noord-Holland,Huizen,2020,0,55,0,10,15,0,0,5,70,5
0406,Noord-Holland,Huizen,2021,0,60,0,5,15,0,0,5,20,0
0415,Noord-Holland,Landsmeer,2018,0,20,5,5,10,0,0,0,5,0
0415,Noord-Holland,Landsmeer,2019,0,20,5,5,5,5,0,0,0,0
0415,Noord-Holland,Landsmeer,2020,0,10,5,0,10,0,0,0,15,5
0415,Noord-Holland,Landsmeer,2021,0,10,5,5,5,5,0,0,20,0
0416,Noord-Holland,Langedijk,2018,0,30,5,5,25,0,0,5,10,0
0416,Noord-Holland,Langedijk,2019,0,40,0,5,15,0,5,5,10,0
0416,Noord-Holland,Langedijk,2020,0,25,5,5,15,0,0,0,10,5
0416,Noord-Holland,Langedijk,2021,0,25,5,5,5,0,0,0,5,5
0417,Noord-Holland,Laren,2018,0,15,0,0,0,0,0,5,10,0
0417,Noord-Holland,Laren,2019,0,25,0,5,5,0,0,5,10,0
0417,Noord-Holland,Laren,2020,0,20,0,5,10,0,0,5,10,5
0417,Noord-Holland,Laren,2021,0,20,0,5,5,0,0,5,5,0
0420,Noord-Holland,Medemblik,2018,0,45,10,10,20,0,0,0,30,0
0420,Noord-Holland,Medemblik,2019,0,40,15,5,15,5,0,0,30,0
0420,Noord-Holland,Medemblik,2020,0,45,10,15,20,0,0,5,30,5
0420,Noord-Holland,Medemblik,2021,0,35,0,10,5,0,0,5,30,0
0431,Noord-Holland,Oostzaan,2018,0,10,0,5,5,0,0,5,5,0
0431,Noord-Holland,Oostzaan,2019,0,15,0,0,10,0,0,10,5,0
0431,Noord-Holland,Oostzaan,2020,0,5,0,5,5,0,0,0,0,5
0431,Noord-Holland,Oostzaan,2021,0,5,5,5,5,0,0,0,10,0
0432,Noord-Holland,Opmeer,2018,0,5,0,5,5,0,0,0,5,0
0432,Noord-Holland,Opmeer,2019,0,10,0,5,0,0,0,0,10,0
0432,Noord-Holland,Opmeer,2020,0,5,0,5,0,0,5,0,5,0
0432,Noord-Holland,Opmeer,2021,0,10,0,0,0,0,0,0,5,0
0437,Noord-Holland,Ouder-Amstel,2018,0,60,0,10,15,5,5,15,20,10
0437,Noord-Holland,Ouder-Amstel,2019,0,75,0,5,30,5,5,10,20,10
0437,Noord-Holland,Ouder-Amstel,2020,0,80,0,10,25,0,5,10,25,15
0437,Noord-Holland,Ouder-Amstel,2021,0,75,0,5,20,10,0,5,20,10
0439,Noord-Holland,Purmerend,2018,0,110,0,40,95,15,10,25,155,15
0439,Noord-Holland,Purmerend,2019,0,145,0,25,80,5,10,20,110,15
0439,Noord-Holland,Purmerend,2020,0,90,5,20,70,5,5,20,125,20
0439,Noord-Holland,Purmerend,2021,0,125,0,40,35,5,5,15,90,20
0441,Noord-Holland,Schagen,2018,0,85,0,10,5,0,0,10,60,0
0441,Noord-Holland,Schagen,2019,0,105,0,10,10,0,0,10,60,0
0441,Noord-Holland,Schagen,2020,0,80,0,15,20,0,0,5,45,5
0441,Noord-Holland,Schagen,2021,0,75,5,20,5,0,0,5,55,5
0448,Noord-Holland,Texel,2018,0,15,0,0,5,0,0,0,10,0
0448,Noord-Holland,Texel,2019,0,20,0,0,5,0,0,10,5,0
0448,Noord-Holland,Texel,2020,0,15,0,0,0,0,0,5,5,0
0448,Noord-Holland,Texel,2021,0,15,0,0,0,0,0,5,10,0
0450,Noord-Holland,Uitgeest,2018,0,20,0,5,25,0,0,5,0,0
0450,Noord-Holland,Uitgeest,2019,0,50,0,0,15,0,0,0,10,0
0450,Noord-Holland,Uitgeest,2020,0,50,5,5,10,0,0,0,5,0
0450,Noord-Holland,Uitgeest,2021,0,40,0,5,5,0,0,0,10,0
0451,Noord-Holland,Uithoorn,2018,0,60,0,15,15,5,0,10,25,5
0451,Noord-Holland,Uithoorn,2019,0,60,0,5,30,0,0,5,20,10
0451,Noord-Holland,Uithoorn,2020,0,40,0,10,20,5,0,5,45,20
0451,Noord-Holland,Uithoorn,2021,0,55,0,10,10,5,0,5,30,15
0453,Noord-Holland,Velsen,2018,0,120,0,30,60,0,5,30,80,5
0453,Noord-Holland,Velsen,2019,0,145,0,15,45,0,5,20,60,10
0453,Noord-Holland,Velsen,2020,0,185,0,25,60,0,5,10,95,5
0453,Noord-Holland,Velsen,2021,0,180,0,20,45,5,0,5,95,5
0457,Noord-Holland,Weesp,2018,0,90,0,5,15,0,0,5,5,0
0457,Noord-Holland,Weesp,2019,0,70,5,10,15,0,0,5,10,0
0457,Noord-Holland,Weesp,2020,0,80,0,10,20,5,0,5,20,0
0457,Noord-Holland,Weesp,2021,0,90,5,5,5,5,0,5,15,0
0473,Noord-Holland,Zandvoort,2018,0,80,0,15,15,5,0,15,40,0
0473,Noord-Holland,Zandvoort,2019,0,65,0,15,20,5,0,10,45,5
0473,Noord-Holland,Zandvoort,2020,0,85,0,10,25,5,0,5,50,0
0473,Noord-Holland,Zandvoort,2021,0,180,0,10,20,5,0,15,25,5
0479,Noord-Holland,Zaanstad,2018,0,345,20,70,290,35,20,65,430,25
0479,Noord-Holland,Zaanstad,2019,0,530,15,60,280,10,15,70,370,40
0479,Noord-Holland,Zaanstad,2020,0,460,10,60,145,20,10,45,280,55
0479,Noord-Holland,Zaanstad,2021,0,535,15,45,135,20,10,35,310,45
0498,Noord-Holland,Drechterland,2018,0,50,0,5,5,0,0,0,10,5
0498,Noord-Holland,Drechterland,2019,0,60,0,0,10,0,0,5,5,0
0498,Noord-Holland,Drechterland,2020,0,30,0,5,10,0,0,0,20,0
0498,Noord-Holland,Drechterland,2021,0,45,5,0,10,0,0,0,10,0
0532,Noord-Holland,Stede Broec,2018,0,105,0,5,15,0,0,0,15,0
0532,Noord-Holland,Stede Broec,2019,0,100,10,5,15,0,5,5,15,5
0532,Noord-Holland,Stede Broec,2020,0,70,5,5,10,0,0,0,10,0
0532,Noord-Holland,Stede Broec,2021,0,60,5,5,5,0,0,0,15,5
0852,Noord-Holland,Waterland,2018,0,25,5,10,10,0,0,0,0,0
0852,Noord-Holland,Waterland,2019,0,10,5,0,0,0,0,0,0,0
0852,Noord-Holland,Waterland,2020,0,15,5,5,0,0,0,0,0,5
0852,Noord-Holland,Waterland,2021,0,10,0,0,0,0,5,0,15,0
0880,Noord-Holland,Wormerland,2018,0,10,0,5,5,0,0,0,10,0
0880,Noord-Holland,Wormerland,2019,0,10,5,0,10,0,0,0,5,0
0880,Noord-Holland,Wormerland,2020,0,10,0,0,5,0,0,5,5,0
0880,Noord-Holland,Wormerland,2021,0,10,0,0,15,0,0,0,5,0
1598,Noord-Holland,Koggenland,2018,0,15,0,5,5,0,0,0,5,0
1598,Noord-Holland,Koggenland,2019,0,35,0,10,5,0,0,0,0,0
1598,Noord-Holland,Koggenland,2020,0,20,0,10,5,0,0,0,5,0
1598,Noord-Holland,Koggenland,2021,0,15,0,5,5,0,0,0,5,0
1696,Noord-Holland,Wijdemeren,2018,0,20,5,5,10,0,0,5,5,0
1696,Noord-Holland,Wijdemeren,2019,0,15,0,5,5,0,0,0,15,0
1696,Noord-Holland,Wijdemeren,2020,0,20,5,5,5,0,0,0,10,0
1696,Noord-Holland,Wijdemeren,2021,0,15,0,5,5,0,0,0,10,0
1911,Noord-Holland,Hollands Kroon,2018,0,50,0,5,10,0,0,5,20,0
1911,Noord-Holland,Hollands Kroon,2019,0,50,0,5,10,5,0,5,5,0
1911,Noord-Holland,Hollands Kroon,2020,0,40,0,10,10,0,5,0,35,0
1911,Noord-Holland,Hollands Kroon,2021,0,60,0,5,10,0,0,0,10,0
1942,Noord-Holland,Gooise Meren,2018,0,320,5,35,45,0,0,15,105,10
1942,Noord-Holland,Gooise Meren,2019,0,255,5,30,40,0,0,15,125,5
1942,Noord-Holland,Gooise Meren,2020,0,260,0,15,40,5,0,15,95,10
1942,Noord-Holland,Gooise Meren,2021,0,185,5,10,30,10,5,10,110,0
0141,Overijssel,Almelo,2018,0,385,0,10,55,0,5,30,200,10
0141,Overijssel,Almelo,2019,0,375,0,15,70,10,0,15,180,10
0141,Overijssel,Almelo,2020,0,280,0,10,85,0,5,10,215,5
0141,Overijssel,Almelo,2021,0,355,0,10,70,0,5,20,190,5
0147,Overijssel,Borne,2018,0,40,0,5,5,0,0,5,20,0
0147,Overijssel,Borne,2019,0,50,0,0,10,0,0,0,20,0
0147,Overijssel,Borne,2020,0,35,0,0,10,0,0,0,10,0
0147,Overijssel,Borne,2021,0,30,0,5,0,0,0,0,10,0
0148,Overijssel,Dalfsen,2018,0,10,0,0,0,0,0,0,15,0
0148,Overijssel,Dalfsen,2019,0,20,0,0,0,0,0,0,10,0
0148,Overijssel,Dalfsen,2020,0,10,0,0,0,0,0,0,10,0
0148,Overijssel,Dalfsen,2021,0,15,0,0,0,0,0,0,15,0
0150,Overijssel,Deventer,2018,0,420,0,15,65,0,0,55,235,5
0150,Overijssel,Deventer,2019,0,435,0,15,80,0,5,25,255,5
0150,Overijssel,Deventer,2020,0,310,0,25,80,5,0,15,285,5
0150,Overijssel,Deventer,2021,0,355,0,10,65,0,0,25,185,5
0153,Overijssel,Enschede,2018,0,1590,0,30,285,10,15,80,640,20
0153,Overijssel,Enschede,2019,0,1345,0,20,300,5,15,45,620,25
0153,Overijssel,Enschede,2020,0,1475,0,35,310,5,15,65,575,25
0153,Overijssel,Enschede,2021,0,1100,0,40,310,15,5,50,380,10
0158,Overijssel,Haaksbergen,2018,0,80,0,0,0,0,5,0,15,0
0158,Overijssel,Haaksbergen,2019,0,55,0,0,5,0,0,0,25,0
0158,Overijssel,Haaksbergen,2020,0,50,0,0,5,0,0,0,15,0
0158,Overijssel,Haaksbergen,2021,0,30,0,0,0,0,0,0,10,0
0160,Overijssel,Hardenberg,2018,0,95,0,5,5,0,0,15,80,5
0160,Overijssel,Hardenberg,2019,0,120,0,5,10,0,0,10,105,5
0160,Overijssel,Hardenberg,2020,0,85,0,5,5,0,0,5,70,0
0160,Overijssel,Hardenberg,2021,0,70,0,5,5,0,0,5,60,0
0163,Overijssel,Hellendoorn,2018,0,30,0,5,0,0,0,5,10,0
0163,Overijssel,Hellendoorn,2019,0,45,0,0,5,0,0,0,15,0
0163,Overijssel,Hellendoorn,2020,0,20,0,0,0,0,0,0,30,0
0163,Overijssel,Hellendoorn,2021,0,35,0,0,5,0,0,5,15,0
0164,Overijssel,Hengelo,2018,0,710,0,10,85,0,5,25,150,10
0164,Overijssel,Hengelo,2019,0,510,0,5,90,0,5,20,200,5
0164,Overijssel,Hengelo,2020,0,410,0,15,90,5,5,10,170,5
0164,Overijssel,Hengelo,2021,0,345,0,15,45,0,5,15,135,0
0166,Overijssel,Kampen,2018,0,225,0,10,30,0,0,15,110,0
0166,Overijssel,Kampen,2019,0,140,0,5,25,0,0,15,130,0
0166,Overijssel,Kampen,2020,0,130,5,5,15,0,0,5,120,0
0166,Overijssel,Kampen,2021,0,145,5,5,15,0,0,5,125,0
0168,Overijssel,Losser,2018,0,50,0,0,5,0,0,0,5,0
0168,Overijssel,Losser,2019,0,65,0,0,5,0,0,0,10,0
0168,Overijssel,Losser,2020,0,20,0,0,0,0,0,0,0,0
0168,Overijssel,Losser,2021,0,20,0,0,5,0,0,0,0,0
0173,Overijssel,Oldenzaal,2018,0,145,0,0,15,0,0,5,20,0
0173,Overijssel,Oldenzaal,2019,0,135,0,0,5,0,0,5,15,0
0173,Overijssel,Oldenzaal,2020,0,80,0,5,15,0,0,0,15,0
0173,Overijssel,Oldenzaal,2021,0,80,0,5,10,0,0,0,25,0
0175,Overijssel,Ommen,2018,0,20,0,0,0,0,0,5,10,0
0175,Overijssel,Ommen,2019,0,25,0,0,5,0,0,5,10,0
0175,Overijssel,Ommen,2020,0,15,0,0,0,0,0,5,15,0
0175,Overijssel,Ommen,2021,0,10,0,5,0,0,0,0,15,0
0177,Overijssel,Raalte,2018,0,40,0,0,0,0,0,5,15,0
0177,Overijssel,Raalte,2019,0,35,0,5,0,0,5,5,15,0
0177,Overijssel,Raalte,2020,0,40,0,0,0,0,0,0,25,0
0177,Overijssel,Raalte,2021,0,30,0,0,5,0,0,5,20,0
0180,Overijssel,Staphorst,2018,0,5,0,0,0,0,0,0,5,0
0180,Overijssel,Staphorst,2019,0,5,0,0,0,0,0,0,5,0
0180,Overijssel,Staphorst,2020,0,5,0,5,0,0,0,0,0,0
0180,Overijssel,Staphorst,2021,0,5,0,0,0,0,0,0,5,0
0183,Overijssel,Tubbergen,2018,0,20,0,0,0,0,0,0,5,0
0183,Overijssel,Tubbergen,2019,0,15,0,0,0,0,0,0,0,0
0183,Overijssel,Tubbergen,2020,0,10,0,0,0,0,0,0,0,0
0183,Overijssel,Tubbergen,2021,0,10,0,0,0,0,0,0,5,0
0189,Overijssel,Wierden,2018,0,45,0,5,0,0,0,0,15,0
0189,Overijssel,Wierden,2019,0,55,0,5,0,0,0,0,10,0
0189,Overijssel,Wierden,2020,0,25,0,0,5,0,0,0,20,0
0189,Overijssel,Wierden,2021,0,35,0,0,0,0,0,0,10,0
0193,Overijssel,Zwolle,2018,0,565,0,35,115,5,5,85,460,5
0193,Overijssel,Zwolle,2019,0,630,10,35,95,0,5,75,555,10
0193,Overijssel,Zwolle,2020,0,490,15,45,140,5,0,40,555,5
0193,Overijssel,Zwolle,2021,0,585,10,15,130,0,0,30,515,10
1700,Overijssel,Twenterand,2018,0,40,0,0,5,0,0,5,10,0
1700,Overijssel,Twenterand,2019,0,40,0,5,10,0,0,5,15,0
1700,Overijssel,Twenterand,2020,0,25,0,5,10,0,0,0,15,0
1700,Overijssel,Twenterand,2021,0,30,0,5,10,0,0,5,10,0
1708,Overijssel,Steenwijkerland,2018,0,60,5,5,0,0,0,5,40,0
1708,Overijssel,Steenwijkerland,2019,0,55,10,10,5,0,0,5,45,0
1708,Overijssel,Steenwijkerland,2020,0,50,5,5,5,0,0,0,50,0
1708,Overijssel,Steenwijkerland,2021,0,30,5,5,5,0,0,5,45,0
1735,Overijssel,Hof van Twente,2018,0,115,0,0,5,0,0,5,15,0
1735,Overijssel,Hof van Twente,2019,0,60,0,5,10,0,0,5,15,0
1735,Overijssel,Hof van Twente,2020,0,35,0,5,5,0,0,0,15,0
1735,Overijssel,Hof van Twente,2021,0,30,0,5,0,0,0,0,15,0
1742,Overijssel,Rijssen-Holten,2018,0,80,0,5,0,0,0,5,15,0
1742,Overijssel,Rijssen-Holten,2019,0,60,0,0,5,0,0,5,15,0
1742,Overijssel,Rijssen-Holten,2020,0,30,0,0,0,0,0,5,15,0
1742,Overijssel,Rijssen-Holten,2021,0,65,0,0,20,0,0,0,20,0
1773,Overijssel,Olst-Wijhe,2018,0,25,0,0,0,0,0,0,15,0
1773,Overijssel,Olst-Wijhe,2019,0,20,0,0,0,0,0,0,20,0
1773,Overijssel,Olst-Wijhe,2020,0,25,0,0,0,0,0,0,5,0
1773,Overijssel,Olst-Wijhe,2021,0,20,0,5,0,0,0,0,15,0
1774,Overijssel,Dinkelland,2018,0,20,0,0,0,0,0,0,10,0
1774,Overijssel,Dinkelland,2019,0,25,0,0,5,0,0,0,25,0
1774,Overijssel,Dinkelland,2020,0,5,0,5,5,0,0,0,5,0
1774,Overijssel,Dinkelland,2021,0,20,0,0,5,0,0,0,10,0
1896,Overijssel,Zwartewaterland,2018,0,20,0,0,0,0,0,5,5,0
1896,Overijssel,Zwartewaterland,2019,0,15,0,5,5,0,0,0,5,0
1896,Overijssel,Zwartewaterland,2020,0,15,0,0,0,0,0,0,0,0
1896,Overijssel,Zwartewaterland,2021,0,10,0,0,0,0,0,0,15,0
0307,Utrecht,Amersfoort,2018,0,590,0,35,85,5,5,115,520,10
0307,Utrecht,Amersfoort,2019,0,590,0,40,115,10,10,70,425,5
0307,Utrecht,Amersfoort,2020,0,865,0,45,180,5,5,55,390,30
0307,Utrecht,Amersfoort,2021,0,635,0,20,175,25,0,45,330,10
0308,Utrecht,Baarn,2018,0,50,0,5,5,0,0,5,20,0
0308,Utrecht,Baarn,2019,0,65,0,10,10,0,0,10,15,0
0308,Utrecht,Baarn,2020,0,60,0,5,5,0,0,0,15,5
0308,Utrecht,Baarn,2021,0,60,0,5,5,0,0,0,30,0
0310,Utrecht,De Bilt,2018,0,100,0,10,20,0,5,10,45,5
0310,Utrecht,De Bilt,2019,0,150,0,15,35,0,5,5,40,5
0310,Utrecht,De Bilt,2020,0,190,0,5,25,0,0,5,35,5
0310,Utrecht,De Bilt,2021,0,145,0,5,30,0,0,0,25,0
0312,Utrecht,Bunnik,2018,0,30,0,0,0,0,0,0,5,0
0312,Utrecht,Bunnik,2019,0,15,0,5,0,0,0,5,0,0
0312,Utrecht,Bunnik,2020,0,15,0,0,0,0,0,0,5,0
0312,Utrecht,Bunnik,2021,0,15,0,0,5,0,0,0,5,0
0313,Utrecht,Bunschoten,2018,0,25,0,5,10,0,0,0,10,0
0313,Utrecht,Bunschoten,2019,0,50,0,5,10,0,0,5,15,0
0313,Utrecht,Bunschoten,2020,0,75,0,5,5,0,0,0,10,5
0313,Utrecht,Bunschoten,2021,0,75,0,5,10,0,0,0,5,0
0317,Utrecht,Eemnes,2018,0,5,0,0,0,0,0,0,0,0
0317,Utrecht,Eemnes,2019,0,5,0,0,0,0,0,0,5,0
0317,Utrecht,Eemnes,2020,0,5,0,0,0,0,0,0,5,0
0317,Utrecht,Eemnes,2021,0,10,0,0,0,0,0,0,5,0
0321,Utrecht,Houten,2018,0,145,0,20,15,0,0,5,50,0
0321,Utrecht,Houten,2019,0,70,0,10,40,0,0,5,55,5
0321,Utrecht,Houten,2020,0,90,0,10,40,5,0,5,95,5
0321,Utrecht,Houten,2021,0,105,0,5,25,0,5,5,60,0
0327,Utrecht,Leusden,2018,0,20,0,5,5,0,0,5,35,0
0327,Utrecht,Leusden,2019,0,50,0,5,5,0,0,5,40,0
0327,Utrecht,Leusden,2020,0,50,0,0,5,0,0,5,35,5
0327,Utrecht,Leusden,2021,0,50,0,0,10,0,0,0,30,5
0331,Utrecht,Lopik,2018,0,10,0,5,0,0,0,0,0,0
0331,Utrecht,Lopik,2019,0,15,0,0,0,0,0,0,5,0
0331,Utrecht,Lopik,2020,0,5,0,5,0,0,0,0,10,0
0331,Utrecht,Lopik,2021,0,5,0,5,5,0,0,0,5,0
0335,Utrecht,Montfoort,2018,0,15,0,5,0,0,0,0,5,0
0335,Utrecht,Montfoort,2019,0,15,0,0,0,0,0,0,10,0
0335,Utrecht,Montfoort,2020,0,15,0,0,0,0,0,0,10,0
0335,Utrecht,Montfoort,2021,0,15,0,0,0,0,0,5,0,0
0339,Utrecht,Renswoude,2018,0,0,0,0,0,0,0,0,5,0
0339,Utrecht,Renswoude,2019,0,0,0,0,0,0,0,0,0,0
0339,Utrecht,Renswoude,2020,0,5,0,5,0,0,0,0,5,0
0339,Utrecht,Renswoude,2021,0,5,0,0,0,0,0,0,0,0
0340,Utrecht,Rhenen,2018,0,25,0,5,5,0,0,0,25,0
0340,Utrecht,Rhenen,2019,0,10,0,5,10,0,0,5,20,0
0340,Utrecht,Rhenen,2020,0,15,0,0,5,0,0,5,10,0
0340,Utrecht,Rhenen,2021,0,20,0,0,5,0,0,0,10,0
0342,Utrecht,Soest,2018,0,65,0,10,25,5,0,10,45,0
0342,Utrecht,Soest,2019,0,110,0,10,10,0,0,5,50,0
0342,Utrecht,Soest,2020,0,155,0,10,20,0,5,0,85,5
0342,Utrecht,Soest,2021,0,125,0,5,10,0,0,5,40,0
0344,Utrecht,Utrecht,2018,0,4025,0,165,405,30,15,525,1335,100
0344,Utrecht,Utrecht,2019,0,3205,0,160,480,35,20,530,1465,105
0344,Utrecht,Utrecht,2020,0,3075,5,135,415,30,20,300,1395,80
0344,Utrecht,Utrecht,2021,0,3045,5,120,345,25,10,270,1220,55
0345,Utrecht,Veenendaal,2018,0,405,0,15,25,0,0,20,160,5
0345,Utrecht,Veenendaal,2019,0,215,0,15,35,0,5,15,160,5
0345,Utrecht,Veenendaal,2020,0,130,0,10,25,0,5,10,160,10
0345,Utrecht,Veenendaal,2021,0,220,0,15,30,0,5,10,130,5
0351,Utrecht,Woudenberg,2018,0,15,0,5,5,0,0,0,5,0
0351,Utrecht,Woudenberg,2019,0,5,0,0,0,0,0,5,5,0
0351,Utrecht,Woudenberg,2020,0,15,0,0,0,0,0,0,10,0
0351,Utrecht,Woudenberg,2021,0,20,0,0,0,0,0,0,20,0
0352,Utrecht,Wijk bij Duurstede,2018,0,20,0,5,0,0,0,5,5,0
0352,Utrecht,Wijk bij Duurstede,2019,0,15,0,5,0,0,0,0,5,0
0352,Utrecht,Wijk bij Duurstede,2020,0,20,0,5,0,0,0,0,15,0
0352,Utrecht,Wijk bij Duurstede,2021,0,25,0,0,0,0,0,5,5,0
0353,Utrecht,IJsselstein,2018,0,105,0,10,15,0,0,5,35,10
0353,Utrecht,IJsselstein,2019,0,100,0,10,40,0,0,10,40,0
0353,Utrecht,IJsselstein,2020,0,100,0,5,35,0,5,10,75,0
0353,Utrecht,IJsselstein,2021,0,50,0,5,5,0,0,0,15,0
0355,Utrecht,Zeist,2018,0,235,0,5,25,0,0,30,95,5
0355,Utrecht,Zeist,2019,0,185,0,15,30,0,0,15,105,5
0355,Utrecht,Zeist,2020,0,345,0,15,25,5,0,15,125,0
0355,Utrecht,Zeist,2021,0,150,0,10,30,0,0,10,100,0
0356,Utrecht,Nieuwegein,2018,0,160,0,20,25,0,0,25,250,10
0356,Utrecht,Nieuwegein,2019,0,175,0,20,50,5,0,20,195,5
0356,Utrecht,Nieuwegein,2020,0,170,0,15,35,5,5,15,175,5
0356,Utrecht,Nieuwegein,2021,0,130,0,20,25,5,5,15,150,10
0589,Utrecht,Oudewater,2018,0,10,0,0,5,0,0,0,0,0
0589,Utrecht,Oudewater,2019,0,30,0,0,0,0,0,0,0,0
0589,Utrecht,Oudewater,2020,0,20,0,5,0,0,0,0,5,0
0589,Utrecht,Oudewater,2021,0,10,0,0,0,0,0,0,0,0
0620,Utrecht,Vianen,2018,0,45,0,10,5,0,0,5,10,0
0632,Utrecht,Woerden,2018,0,135,0,10,30,5,0,10,45,5
0632,Utrecht,Woerden,2019,0,165,5,10,20,0,0,5,35,0
0632,Utrecht,Woerden,2020,0,115,0,10,35,0,0,5,40,0
0632,Utrecht,Woerden,2021,0,185,5,5,15,0,0,10,35,0
0736,Utrecht,De Ronde Venen,2018,0,50,10,20,10,0,0,5,25,0
0736,Utrecht,De Ronde Venen,2019,0,45,5,10,15,5,0,5,25,5
0736,Utrecht,De Ronde Venen,2020,0,40,10,15,15,5,0,5,35,0
0736,Utrecht,De Ronde Venen,2021,0,50,5,15,10,5,0,0,25,5
1581,Utrecht,Utrechtse Heuvelrug,2018,0,95,0,5,10,0,0,10,60,0
1581,Utrecht,Utrechtse Heuvelrug,2019,0,100,0,5,5,0,5,5,45,5
1581,Utrecht,Utrechtse Heuvelrug,2020,0,140,0,5,10,0,0,5,40,0
1581,Utrecht,Utrechtse Heuvelrug,2021,0,105,0,0,15,5,0,5,30,0
1904,Utrecht,Stichtse Vecht,2018,0,150,5,25,25,5,0,10,60,5
1904,Utrecht,Stichtse Vecht,2019,0,150,5,15,20,0,0,10,50,10
1904,Utrecht,Stichtse Vecht,2020,0,140,10,20,25,0,0,5,60,15
1904,Utrecht,Stichtse Vecht,2021,0,130,0,10,15,5,0,5,45,0
1961,Utrecht,Vijfheerenlanden,2019,0,45,0,10,10,0,0,5,25,0
1961,Utrecht,Vijfheerenlanden,2020,0,60,0,5,10,0,0,0,20,5
1961,Utrecht,Vijfheerenlanden,2021,0,65,0,5,10,0,0,5,30,0
0654,Zeeland,Borsele,2018,0,5,0,0,0,0,0,0,5,0
0654,Zeeland,Borsele,2019,0,15,0,0,0,0,0,0,10,0
0654,Zeeland,Borsele,2020,0,5,0,0,0,5,0,0,10,0
0654,Zeeland,Borsele,2021,0,5,0,0,0,0,0,0,5,0
0664,Zeeland,Goes,2018,0,150,0,5,5,0,0,10,100,0
0664,Zeeland,Goes,2019,0,170,0,5,5,0,5,15,100,10
0664,Zeeland,Goes,2020,0,110,0,5,20,0,0,10,75,5
0664,Zeeland,Goes,2021,0,160,0,5,10,0,0,5,80,5
0677,Zeeland,Hulst,2018,0,20,0,0,5,0,0,5,10,0
0677,Zeeland,Hulst,2019,0,25,0,0,0,0,0,5,0,5
0677,Zeeland,Hulst,2020,0,15,0,5,5,0,0,0,15,0
0677,Zeeland,Hulst,2021,0,30,0,5,0,0,0,5,10,0
0678,Zeeland,Kapelle,2018,0,15,0,0,0,0,0,0,10,0
0678,Zeeland,Kapelle,2019,0,15,0,0,0,0,0,0,10,0
0678,Zeeland,Kapelle,2020,0,10,0,0,5,0,0,0,10,0
0678,Zeeland,Kapelle,2021,0,20,0,0,5,0,0,0,15,0
0687,Zeeland,Middelburg,2018,0,185,0,5,30,0,0,25,120,10
0687,Zeeland,Middelburg,2019,0,220,0,5,55,0,5,30,190,10
0687,Zeeland,Middelburg,2020,0,165,0,5,55,5,5,10,125,10
0687,Zeeland,Middelburg,2021,0,215,0,0,40,0,5,15,130,5
0703,Zeeland,Reimerswaal,2018,0,20,0,5,5,0,0,0,10,0
0703,Zeeland,Reimerswaal,2019,0,25,0,5,5,0,0,5,5,0
0703,Zeeland,Reimerswaal,2020,0,15,0,5,10,5,0,0,10,0
0703,Zeeland,Reimerswaal,2021,0,25,0,5,5,0,0,0,5,0
0715,Zeeland,Terneuzen,2018,0,55,0,5,5,0,0,10,60,5
0715,Zeeland,Terneuzen,2019,0,65,0,10,5,0,5,5,70,0
0715,Zeeland,Terneuzen,2020,0,45,5,5,5,0,0,10,85,5
0715,Zeeland,Terneuzen,2021,0,40,0,5,10,0,5,5,55,5
0716,Zeeland,Tholen,2018,0,20,0,10,0,0,0,0,5,0
0716,Zeeland,Tholen,2019,0,10,0,5,15,0,0,0,5,0
0716,Zeeland,Tholen,2020,0,15,5,5,5,0,0,0,10,0
0716,Zeeland,Tholen,2021,0,10,0,5,0,0,0,0,0,0
0717,Zeeland,Veere,2018,0,30,0,5,0,0,0,5,5,0
0717,Zeeland,Veere,2019,0,50,0,0,5,0,0,0,5,0
0717,Zeeland,Veere,2020,0,85,0,0,10,5,0,5,5,0
0717,Zeeland,Veere,2021,0,40,0,0,10,0,0,5,5,0
0718,Zeeland,Vlissingen,2018,0,155,0,5,35,0,0,15,115,15
0718,Zeeland,Vlissingen,2019,0,165,0,5,65,5,0,10,135,10
0718,Zeeland,Vlissingen,2020,0,135,0,5,55,5,0,5,100,5
0718,Zeeland,Vlissingen,2021,0,145,0,10,40,5,0,10,100,5
1676,Zeeland,Schouwen-Duiveland,2018,0,55,0,5,5,0,0,5,15,0
1676,Zeeland,Schouwen-Duiveland,2019,0,60,0,5,5,0,0,5,25,5
1676,Zeeland,Schouwen-Duiveland,2020,0,50,5,0,10,0,0,5,15,5
1676,Zeeland,Schouwen-Duiveland,2021,0,55,5,0,5,0,0,5,25,0
1695,Zeeland,Noord-Beveland,2018,0,5,0,0,0,0,0,0,5,0
1695,Zeeland,Noord-Beveland,2019,0,10,0,0,0,0,0,0,10,0
1695,Zeeland,Noord-Beveland,2020,0,15,0,0,0,0,0,0,15,0
1695,Zeeland,Noord-Beveland,2021,0,5,0,0,0,0,0,0,0,0
1714,Zeeland,Sluis,2018,0,15,0,5,5,0,0,5,45,0
1714,Zeeland,Sluis,2019,0,10,0,0,5,5,0,5,50,0
1714,Zeeland,Sluis,2020,0,25,0,5,5,0,0,5,10,0
1714,Zeeland,Sluis,2021,0,15,0,0,5,0,0,5,15,0
0482,Zuid-Holland,Alblasserdam,2018,0,30,0,5,5,0,0,5,45,0
0482,Zuid-Holland,Alblasserdam,2019,0,30,0,5,10,5,0,0,25,0
0482,Zuid-Holland,Alblasserdam,2020,0,25,0,5,5,0,0,0,35,0
0482,Zuid-Holland,Alblasserdam,2021,0,30,0,5,5,5,0,0,30,0
0484,Zuid-Holland,Alphen aan den Rijn,2018,0,430,0,25,40,5,5,25,215,10
0484,Zuid-Holland,Alphen aan den Rijn,2019,0,370,0,40,60,5,5,20,235,10
0484,Zuid-Holland,Alphen aan den Rijn,2020,0,420,5,20,40,5,5,15,230,10
0484,Zuid-Holland,Alphen aan den Rijn,2021,0,475,0,20,55,10,5,15,190,10
0489,Zuid-Holland,Barendrecht,2018,0,285,0,15,30,5,0,10,35,15
0489,Zuid-Holland,Barendrecht,2019,0,200,0,20,55,5,5,5,35,25
0489,Zuid-Holland,Barendrecht,2020,0,125,0,25,60,15,5,10,45,30
0489,Zuid-Holland,Barendrecht,2021,0,90,0,20,35,15,0,5,55,15
0501,Zuid-Holland,Brielle,2018,0,40,0,5,10,0,0,0,15,5
0501,Zuid-Holland,Brielle,2019,0,30,5,0,15,0,0,5,10,0
0501,Zuid-Holland,Brielle,2020,0,30,0,0,10,0,0,0,10,0
0501,Zuid-Holland,Brielle,2021,0,35,0,5,10,0,0,0,15,0
0502,Zuid-Holland,Capelle aan den IJssel,2018,0,170,0,40,55,15,5,20,125,20
0502,Zuid-Holland,Capelle aan den IJssel,2019,0,175,0,35,85,20,5,10,170,25
0502,Zuid-Holland,Capelle aan den IJssel,2020,0,135,0,35,85,25,5,10,100,25
0502,Zuid-Holland,Capelle aan den IJssel,2021,0,115,0,25,50,25,5,5,85,10
0503,Zuid-Holland,Delft,2018,0,1115,0,40,115,20,5,95,240,10
0503,Zuid-Holland,Delft,2019,0,1010,0,50,145,10,5,65,310,10
0503,Zuid-Holland,Delft,2020,0,770,0,45,100,15,10,40,240,25
0503,Zuid-Holland,Delft,2021,0,700,0,40,80,25,5,40,235,10
0505,Zuid-Holland,Dordrecht,2018,0,540,0,40,100,10,15,45,445,35
0505,Zuid-Holland,Dordrecht,2019,0,420,5,35,150,10,15,45,420,35
0505,Zuid-Holland,Dordrecht,2020,0,295,5,45,155,10,10,25,325,25
0505,Zuid-Holland,Dordrecht,2021,0,275,0,30,85,15,5,30,310,15
0512,Zuid-Holland,Gorinchem,2018,0,120,0,5,10,0,0,25,90,5
0512,Zuid-Holland,Gorinchem,2019,0,85,0,10,15,5,0,15,80,0
0512,Zuid-Holland,Gorinchem,2020,0,150,0,10,10,5,0,5,75,5
0512,Zuid-Holland,Gorinchem,2021,0,90,0,10,20,5,0,5,80,0
0513,Zuid-Holland,Gouda,2018,0,455,0,10,40,10,10,30,160,10
0513,Zuid-Holland,Gouda,2019,0,395,0,15,65,5,0,30,175,15
0513,Zuid-Holland,Gouda,2020,0,290,0,20,50,10,5,20,190,10
0513,Zuid-Holland,Gouda,2021,0,335,0,10,35,5,5,15,230,10
0518,Zuid-Holland,'s-Gravenhage,2018,0,3125,10,385,895,150,50,810,2010,215
0518,Zuid-Holland,'s-Gravenhage,2019,0,3095,5,385,1155,155,55,620,2280,200
0518,Zuid-Holland,'s-Gravenhage,2020,0,3085,10,340,1075,160,45,445,1820,175
0518,Zuid-Holland,'s-Gravenhage,2021,0,2910,15,275,720,170,40,410,1780,175
0523,Zuid-Holland,Hardinxveld-Giessendam,2018,0,10,0,0,0,0,0,5,5,0
0523,Zuid-Holland,Hardinxveld-Giessendam,2019,0,15,0,0,0,0,0,5,5,0
0523,Zuid-Holland,Hardinxveld-Giessendam,2020,0,30,0,5,5,0,0,0,5,0
0523,Zuid-Holland,Hardinxveld-Giessendam,2021,0,30,0,5,5,0,0,0,5,0
0530,Zuid-Holland,Hellevoetsluis,2018,0,60,0,5,20,0,0,5,45,5
0530,Zuid-Holland,Hellevoetsluis,2019,0,40,5,5,25,0,0,5,40,5
0530,Zuid-Holland,Hellevoetsluis,2020,0,65,5,5,30,5,0,5,40,5
0530,Zuid-Holland,Hellevoetsluis,2021,0,50,0,5,10,5,0,0,80,0
0531,Zuid-Holland,Hendrik-Ido-Ambacht,2018,0,95,0,35,10,5,0,0,25,0
0531,Zuid-Holland,Hendrik-Ido-Ambacht,2019,0,70,0,15,5,0,0,5,20,5
0531,Zuid-Holland,Hendrik-Ido-Ambacht,2020,0,60,5,10,5,0,0,0,10,0
0531,Zuid-Holland,Hendrik-Ido-Ambacht,2021,0,40,0,10,5,0,0,0,20,0
0534,Zuid-Holland,Hillegom,2018,0,75,5,5,35,0,0,10,10,0
0534,Zuid-Holland,Hillegom,2019,0,40,0,5,10,0,0,5,25,0
0534,Zuid-Holland,Hillegom,2020,0,40,0,0,15,0,0,5,15,5
0534,Zuid-Holland,Hillegom,2021,0,30,5,5,5,0,0,0,15,0
0537,Zuid-Holland,Katwijk,2018,0,195,5,5,55,0,0,10,85,5
0537,Zuid-Holland,Katwijk,2019,0,155,0,5,25,5,0,5,80,0
0537,Zuid-Holland,Katwijk,2020,0,310,5,10,35,0,0,5,75,0
0537,Zuid-Holland,Katwijk,2021,0,215,0,5,30,5,0,5,95,0
0542,Zuid-Holland,Krimpen aan den IJssel,2018,0,60,0,0,5,0,0,0,20,0
0542,Zuid-Holland,Krimpen aan den IJssel,2019,0,45,0,5,20,0,0,5,10,0
0542,Zuid-Holland,Krimpen aan den IJssel,2020,0,25,0,0,10,5,0,0,15,0
0542,Zuid-Holland,Krimpen aan den IJssel,2021,0,15,0,0,5,0,0,0,20,0
0545,Zuid-Holland,Leerdam,2018,0,30,0,5,5,0,0,5,10,0
0546,Zuid-Holland,Leiden,2018,0,1075,10,30,150,20,10,125,375,15
0546,Zuid-Holland,Leiden,2019,0,930,10,30,165,10,5,110,425,10
0546,Zuid-Holland,Leiden,2020,0,715,5,45,200,20,5,75,305,10
0546,Zuid-Holland,Leiden,2021,0,810,5,25,110,15,5,80,225,5
0547,Zuid-Holland,Leiderdorp,2018,0,40,5,10,10,0,0,10,30,0
0547,Zuid-Holland,Leiderdorp,2019,0,50,0,5,15,0,0,5,30,0
0547,Zuid-Holland,Leiderdorp,2020,0,75,5,10,30,0,0,5,45,5
0547,Zuid-Holland,Leiderdorp,2021,0,80,0,5,5,0,0,0,30,0
0553,Zuid-Holland,Lisse,2018,0,45,0,0,25,0,0,45,40,0
0553,Zuid-Holland,Lisse,2019,0,30,0,5,15,0,0,20,25,0
0553,Zuid-Holland,Lisse,2020,0,40,0,0,15,0,0,5,40,5
0553,Zuid-Holland,Lisse,2021,0,65,0,5,20,0,0,0,45,0
0556,Zuid-Holland,Maassluis,2018,0,80,0,20,10,0,5,10,45,10
0556,Zuid-Holland,Maassluis,2019,0,80,0,15,10,10,5,5,35,5
0556,Zuid-Holland,Maassluis,2020,0,135,0,20,35,10,0,5,25,5
0556,Zuid-Holland,Maassluis,2021,0,120,0,10,15,0,0,0,40,0
0569,Zuid-Holland,Nieuwkoop,2018,0,15,5,5,0,0,0,0,15,0
0569,Zuid-Holland,Nieuwkoop,2019,0,15,5,5,5,0,0,0,15,0
0569,Zuid-Holland,Nieuwkoop,2020,0,20,5,5,5,0,0,5,10,0
0569,Zuid-Holland,Nieuwkoop,2021,0,25,0,5,0,0,0,0,20,0
0575,Zuid-Holland,Noordwijk,2018,0,120,0,10,15,0,0,15,30,5
0575,Zuid-Holland,Noordwijk,2019,0,140,0,20,15,0,5,10,45,0
0575,Zuid-Holland,Noordwijk,2020,0,165,0,10,20,0,0,5,40,0
0575,Zuid-Holland,Noordwijk,2021,0,145,5,5,20,0,0,10,55,5
0576,Zuid-Holland,Noordwijkerhout,2018,0,35,0,5,10,0,0,10,15,0
0579,Zuid-Holland,Oegstgeest,2018,0,60,0,5,5,0,0,10,15,0
0579,Zuid-Holland,Oegstgeest,2019,0,70,0,0,15,0,0,5,15,0
0579,Zuid-Holland,Oegstgeest,2020,0,50,0,10,10,0,0,5,20,0
0579,Zuid-Holland,Oegstgeest,2021,0,50,0,5,10,0,0,0,10,0
0584,Zuid-Holland,Oud-Beijerland,2018,0,35,0,5,5,0,0,5,15,0
0585,Zuid-Holland,Binnenmaas,2018,0,15,0,0,0,0,0,5,5,0
0588,Zuid-Holland,Korendijk,2018,0,0,0,5,5,0,0,0,5,0
0590,Zuid-Holland,Papendrecht,2018,0,60,0,5,5,0,0,15,30,5
0590,Zuid-Holland,Papendrecht,2019,0,75,0,5,25,0,0,5,30,5
0590,Zuid-Holland,Papendrecht,2020,0,60,0,5,35,5,0,10,20,5
0590,Zuid-Holland,Papendrecht,2021,0,55,0,5,15,5,0,0,20,0
0597,Zuid-Holland,Ridderkerk,2018,0,175,0,30,20,5,10,10,30,10
0597,Zuid-Holland,Ridderkerk,2019,0,130,0,20,30,5,10,10,40,15
0597,Zuid-Holland,Ridderkerk,2020,0,115,0,25,35,25,0,5,45,10
0597,Zuid-Holland,Ridderkerk,2021,0,90,0,15,30,10,5,10,60,5
0599,Zuid-Holland,Rotterdam,2018,0,3930,5,550,995,135,155,1050,2710,535
0599,Zuid-Holland,Rotterdam,2019,0,3975,5,535,1295,145,135,870,2725,470
0599,Zuid-Holland,Rotterdam,2020,5,4295,5,475,1355,190,105,470,2100,375
0599,Zuid-Holland,Rotterdam,2021,5,3620,5,405,1195,180,80,455,1970,270
0603,Zuid-Holland,Rijswijk,2018,0,260,0,40,105,25,5,30,185,15
0603,Zuid-Holland,Rijswijk,2019,0,220,0,50,75,15,5,30,185,15
0603,Zuid-Holland,Rijswijk,2020,0,240,5,80,90,20,5,25,160,10
0603,Zuid-Holland,Rijswijk,2021,0,230,0,45,75,25,0,20,140,15
0606,Zuid-Holland,Schiedam,2018,0,430,0,60,105,10,15,40,205,50
0606,Zuid-Holland,Schiedam,2019,0,495,0,65,120,15,10,35,290,65
0606,Zuid-Holland,Schiedam,2020,0,405,0,45,180,30,10,25,260,35
0606,Zuid-Holland,Schiedam,2021,0,390,0,55,100,25,5,25,250,15
0610,Zuid-Holland,Sliedrecht,2018,0,45,0,0,10,0,0,10,10,0
0610,Zuid-Holland,Sliedrecht,2019,0,30,0,5,15,0,0,5,25,0
0610,Zuid-Holland,Sliedrecht,2020,0,35,0,5,15,0,0,0,20,0
0610,Zuid-Holland,Sliedrecht,2021,0,25,0,10,5,0,0,0,15,0
0611,Zuid-Holland,Cromstrijen,2018,0,10,0,5,0,0,0,0,0,0
0613,Zuid-Holland,Albrandswaard,2018,0,70,0,10,10,0,0,5,10,0
0613,Zuid-Holland,Albrandswaard,2019,0,95,0,5,15,5,0,5,5,5
0613,Zuid-Holland,Albrandswaard,2020,0,75,0,10,15,10,0,0,10,5
0613,Zuid-Holland,Albrandswaard,2021,0,70,0,5,10,5,5,0,5,5
0614,Zuid-Holland,Westvoorne,2018,0,15,0,5,10,0,0,0,5,0
0614,Zuid-Holland,Westvoorne,2019,0,5,0,5,5,0,0,0,15,0
0614,Zuid-Holland,Westvoorne,2020,0,15,0,0,5,0,0,0,5,0
0614,Zuid-Holland,Westvoorne,2021,0,5,0,5,5,0,0,0,5,0
0617,Zuid-Holland,Strijen,2018,0,5,0,0,0,0,0,0,0,0
0622,Zuid-Holland,Vlaardingen,2018,0,360,0,35,90,10,10,30,115,25
0622,Zuid-Holland,Vlaardingen,2019,0,340,0,30,90,15,10,15,150,40
0622,Zuid-Holland,Vlaardingen,2020,0,340,5,50,65,20,5,20,115,25
0622,Zuid-Holland,Vlaardingen,2021,0,310,0,30,75,15,0,10,85,15
0626,Zuid-Holland,Voorschoten,2018,0,95,0,5,15,0,0,5,30,5
0626,Zuid-Holland,Voorschoten,2019,0,60,0,5,10,0,0,0,20,0
0626,Zuid-Holland,Voorschoten,2020,0,85,0,10,20,0,0,0,15,0
0626,Zuid-Holland,Voorschoten,2021,0,60,0,15,10,0,0,5,25,5
0627,Zuid-Holland,Waddinxveen,2018,0,55,0,5,0,0,0,0,10,0
0627,Zuid-Holland,Waddinxveen,2019,0,95,0,20,15,0,5,0,20,0
0627,Zuid-Holland,Waddinxveen,2020,0,75,0,20,5,0,0,0,25,0
0627,Zuid-Holland,Waddinxveen,2021,0,75,0,5,5,5,0,5,20,0
0629,Zuid-Holland,Wassenaar,2018,0,30,0,5,5,0,0,10,30,0
0629,Zuid-Holland,Wassenaar,2019,0,40,0,5,5,0,0,10,30,0
0629,Zuid-Holland,Wassenaar,2020,0,40,0,10,10,0,0,5,25,0
0629,Zuid-Holland,Wassenaar,2021,0,35,0,5,10,0,0,10,25,0
0637,Zuid-Holland,Zoetermeer,2018,0,405,0,70,60,25,5,65,480,25
0637,Zuid-Holland,Zoetermeer,2019,0,365,0,80,115,15,5,45,440,50
0637,Zuid-Holland,Zoetermeer,2020,0,265,0,65,80,10,0,20,355,35
0637,Zuid-Holland,Zoetermeer,2021,0,250,0,50,35,20,0,40,255,20
0638,Zuid-Holland,Zoeterwoude,2018,0,0,0,0,5,0,0,0,5,0
0638,Zuid-Holland,Zoeterwoude,2019,0,10,0,0,5,0,0,0,5,0
0638,Zuid-Holland,Zoeterwoude,2020,0,5,0,5,10,0,0,0,5,0
0638,Zuid-Holland,Zoeterwoude,2021,0,10,0,5,5,0,0,0,5,0
0642,Zuid-Holland,Zwijndrecht,2018,0,205,0,35,35,5,5,15,40,5
0642,Zuid-Holland,Zwijndrecht,2019,0,170,0,25,25,5,5,5,45,10
0642,Zuid-Holland,Zwijndrecht,2020,0,95,0,25,35,5,0,10,25,5
0642,Zuid-Holland,Zwijndrecht,2021,0,90,0,15,20,0,0,5,45,0
0689,Zuid-Holland,Giessenlanden,2018,0,10,0,0,0,0,0,0,0,0
0707,Zuid-Holland,Zederik,2018,0,5,0,5,0,0,0,0,0,0
1525,Zuid-Holland,Teylingen,2018,0,70,10,10,30,0,0,5,35,0
1525,Zuid-Holland,Teylingen,2019,0,120,5,10,25,5,0,5,55,0
1525,Zuid-Holland,Teylingen,2020,0,130,5,5,15,5,0,5,35,10
1525,Zuid-Holland,Teylingen,2021,0,75,0,5,10,5,0,0,20,5
1621,Zuid-Holland,Lansingerland,2018,0,175,0,30,20,5,5,5,60,20
1621,Zuid-Holland,Lansingerland,2019,0,195,0,40,25,5,0,0,45,10
1621,Zuid-Holland,Lansingerland,2020,0,165,0,20,30,5,0,0,30,15
1621,Zuid-Holland,Lansingerland,2021,0,155,0,10,20,5,0,5,30,10
1783,Zuid-Holland,Westland,2018,0,235,5,30,45,10,5,25,90,5
1783,Zuid-Holland,Westland,2019,0,285,5,30,50,5,0,15,125,10
1783,Zuid-Holland,Westland,2020,0,355,5,40,50,5,0,10,115,0
1783,Zuid-Holland,Westland,2021,0,265,0,15,30,5,5,10,110,5
1842,Zuid-Holland,Midden-Delfland,2018,0,30,0,5,0,0,0,0,10,0
1842,Zuid-Holland,Midden-Delfland,2019,0,20,5,5,5,0,0,0,10,0
1842,Zuid-Holland,Midden-Delfland,2020,0,10,5,5,10,0,0,0,5,5
1842,Zuid-Holland,Midden-Delfland,2021,0,10,5,5,5,0,0,0,10,0
1884,Zuid-Holland,Kaag en Braassem,2018,0,35,10,5,0,0,0,5,5,0
1884,Zuid-Holland,Kaag en Braassem,2019,0,25,5,5,5,0,0,0,5,0
1884,Zuid-Holland,Kaag en Braassem,2020,0,20,5,5,0,0,0,0,0,0
1884,Zuid-Holland,Kaag en Braassem,2021,0,30,0,5,0,0,0,0,10,0
1892,Zuid-Holland,Zuidplas,2018,0,50,5,15,10,10,0,5,60,0
1892,Zuid-Holland,Zuidplas,2019,0,75,0,20,25,5,0,5,90,5
1892,Zuid-Holland,Zuidplas,2020,0,55,0,25,25,5,0,0,80,0
1892,Zuid-Holland,Zuidplas,2021,0,60,5,15,20,5,0,0,80,0
1901,Zuid-Holland,Bodegraven-Reeuwijk,2018,0,70,0,10,5,0,0,5,20,0
1901,Zuid-Holland,Bodegraven-Reeuwijk,2019,0,40,5,5,5,0,0,5,20,0
1901,Zuid-Holland,Bodegraven-Reeuwijk,2020,0,60,5,10,10,0,0,5,30,0
1901,Zuid-Holland,Bodegraven-Reeuwijk,2021,0,105,5,5,5,0,0,0,25,0
1916,Zuid-Holland,Leidschendam-Voorburg,2018,0,290,0,35,75,20,0,25,145,5
1916,Zuid-Holland,Leidschendam-Voorburg,2019,0,340,0,55,65,20,5,15,85,15
1916,Zuid-Holland,Leidschendam-Voorburg,2020,0,370,10,50,80,10,0,30,170,15
1916,Zuid-Holland,Leidschendam-Voorburg,2021,0,250,0,40,45,25,5,30,155,5
1924,Zuid-Holland,Goeree-Overflakkee,2018,0,40,0,10,5,0,0,5,15,0
1924,Zuid-Holland,Goeree-Overflakkee,2019,0,40,5,10,5,5,0,0,15,0
1924,Zuid-Holland,Goeree-Overflakkee,2020,0,60,5,10,5,0,0,5,15,0
1924,Zuid-Holland,Goeree-Overflakkee,2021,5,65,0,10,5,0,0,0,25,0
1926,Zuid-Holland,Pijnacker-Nootdorp,2018,0,175,0,15,30,15,0,10,45,0
1926,Zuid-Holland,Pijnacker-Nootdorp,2019,0,225,0,30,30,5,0,5,60,10
1926,Zuid-Holland,Pijnacker-Nootdorp,2020,0,225,0,30,20,10,0,5,75,0
1926,Zuid-Holland,Pijnacker-Nootdorp,2021,0,175,0,25,20,10,0,5,65,5
1927,Zuid-Holland,Molenwaard,2018,0,10,0,0,0,0,5,5,5,0
1930,Zuid-Holland,Nissewaard,2018,0,190,0,20,40,10,5,35,140,25
1930,Zuid-Holland,Nissewaard,2019,0,250,0,30,75,5,10,15,115,20
1930,Zuid-Holland,Nissewaard,2020,0,245,0,15,65,15,15,15,120,30
1930,Zuid-Holland,Nissewaard,2021,0,180,0,15,45,10,5,10,105,15
1931,Zuid-Holland,Krimpenerwaard,2018,0,30,0,5,5,0,5,5,15,0
1931,Zuid-Holland,Krimpenerwaard,2019,0,45,0,0,10,0,0,5,40,0
1931,Zuid-Holland,Krimpenerwaard,2020,0,35,5,5,10,0,0,5,30,0
1931,Zuid-Holland,Krimpenerwaard,2021,0,25,0,5,5,0,0,0,25,0
1963,Zuid-Holland,Hoeksche Waard,2019,0,45,5,5,5,0,0,0,30,0
1963,Zuid-Holland,Hoeksche Waard,2020,0,70,5,10,10,0,0,5,15,0
1963,Zuid-Holland,Hoeksche Waard,2021,0,65,5,5,5,5,0,5,25,0
1978,Zuid-Holland,Molenlanden,2019,0,10,0,5,5,0,0,5,5,0
1978,Zuid-Holland,Molenlanden,2020,0,15,5,0,5,0,0,5,5,0
1978,Zuid-Holland,Molenlanden,2021,0,15,0,0,5,0,0,0,5,0
